seed,tracker,scans,total_births,total_confirmed_births,rms_gospa,rms_localization,rms_missed,rms_false,early_rms_gospa,late_rms_gospa,mean_cardinality_error,mean_false_targets,mean_missed_targets,final_birth_atoms,recurrent_birth_atoms,spurious_birth_atoms,birth_region_error,runtime_seconds
0,fixed_broad_birth,96,219,0,4.585881280058569,1.1129422483331985,2.886751345948129,3.38501600193165,4.919206655202508,4.4097804496248,0.3958333333333333,0.22916666666666666,0.16666666666666666,0,0,0,nan,0.15473866369575262
0,measurement_driven_birth,96,556,0,4.462307123741138,0.8008442627986904,3.608439182435161,2.5,4.221394890089072,4.578011565172297,0.3854166666666667,0.125,0.2604166666666667,0,0,0,nan,0.17292442172765732
0,dp_immediate,96,32,0,7.134975074067077,0.6221221537810405,6.614378277661476,2.6020824993326657,6.999295046937029,7.201856592872363,0.8229166666666666,0.13541666666666666,0.875,9,7,6,8.004297944775915,0.16689646895974874
0,dp_delayed_append,96,81,18,4.533774670264347,1.13326052935645,3.307189138830738,2.886751345948129,4.90698368902708,4.335138369061244,0.3854166666666667,0.16666666666666666,0.21875,18,0,0,1.1057999423123595,0.21967615885660052
0,dp_delayed_recluster,96,78,17,4.410168889643392,1.1047275539750812,3.1457643480294792,2.886751345948129,4.90698368902708,4.139461316473285,0.3645833333333333,0.16666666666666666,0.19791666666666666,7,2,0,1.4845646730044104,0.1599395559169352
0,oracle_birth,96,24,0,3.6144709924332297,0.7512659683103288,2.6020824993326657,2.3935677693908453,3.3938321819337482,3.719886072603204,0.25,0.11458333333333333,0.13541666666666666,2,2,0,0.0,0.08012888301163912
1,fixed_broad_birth,96,224,0,4.992007605521572,0.9807173906135632,3.0618621784789726,3.8188130791298667,4.319861657272365,5.2961880188860215,0.3541666666666667,0.2916666666666667,0.1875,0,0,0,nan,0.1666532619856298
1,measurement_driven_birth,96,591,0,4.7057657951862994,0.8888560358565818,3.8188130791298667,2.6020824993326657,3.9067154000618274,5.0581750632197275,0.40625,0.13541666666666666,0.2916666666666667,0,0,0,nan,0.18168948497623205
1,dp_immediate,96,29,0,7.3548093950005775,0.9839823356080948,7.0710678118654755,1.7677669529663689,6.279740897769601,7.837235417136776,0.9375,0.0625,1.0,12,7,5,12.723146191150473,0.22786650573834777
1,dp_delayed_append,96,85,16,4.185259097914327,0.9218064059269601,2.7950849718747373,2.9755951785595207,3.922459726139309,4.3106548717589925,0.3125,0.17708333333333334,0.15625,16,0,0,0.40137463884891345,0.23051539482548833
1,dp_delayed_recluster,96,86,16,4.055996554585553,0.9089048634537465,2.6020824993326657,2.9755951785595207,3.922459726139309,4.121142672199348,0.2916666666666667,0.17708333333333334,0.13541666666666666,6,2,0,1.0405104884566603,0.16907779406756163
1,oracle_birth,96,24,0,3.696051304965085,0.7999761968963666,2.6020824993326657,2.5,3.2017140878285573,3.9199115198306758,0.23958333333333334,0.125,0.13541666666666666,2,2,0,0.0,0.084785764105618
2,fixed_broad_birth,96,208,0,4.787644669874861,0.7250573436962305,3.1457643480294792,3.5355339059327378,4.888775335082789,4.736269638546229,0.3229166666666667,0.25,0.19791666666666666,0,0,0,nan,0.14558878913521767
2,measurement_driven_birth,96,546,0,4.833783762236128,0.6699244684223633,4.14578098794425,2.3935677693908453,5.4796060122658465,4.476064919687434,0.4166666666666667,0.11458333333333333,0.34375,0,0,0,nan,0.1666043591685593
2,dp_immediate,96,33,0,7.16448782948911,0.5368604960610445,6.846531968814577,2.041241452319315,6.866857833942776,7.308759165039968,0.875,0.08333333333333333,0.9375,10,9,8,9.946249093663992,0.18480742303654552
2,dp_delayed_append,96,72,15,3.968548220354913,0.8032485982654958,3.1457643480294792,2.282177322938192,4.382826856133948,3.74425918447144,0.28125,0.10416666666666667,0.19791666666666666,15,0,0,0.6915440120175919,0.20050101820379496
2,dp_delayed_recluster,96,72,15,3.8967737269666443,0.7755721409670289,3.0618621784789726,2.282177322938192,4.382826856133948,3.6294190435029376,0.2708333333333333,0.10416666666666667,0.1875,5,2,0,1.0507974793318948,0.1458808802999556
2,oracle_birth,96,19,0,3.590617557561205,0.626525693540811,2.886751345948129,2.041241452319315,3.5894585729778794,3.5911969095885,0.25,0.08333333333333333,0.16666666666666666,2,2,0,0.0,0.07545202085748315
3,fixed_broad_birth,96,210,0,4.409958060348052,1.1038856042915361,2.7003086243366083,3.307189138830738,4.1996493849801,4.511437427545823,0.34375,0.21875,0.14583333333333334,0,0,0,nan,0.14530222583562136
3,measurement_driven_birth,96,521,0,4.272486273606014,0.7387865894955525,3.608439182435161,2.165063509461097,3.800702554958322,4.489826108168817,0.3541666666666667,0.09375,0.2604166666666667,0,0,0,nan,0.16043587494641542
3,dp_immediate,96,29,0,7.014449308998504,0.874642274595497,6.73145600891813,1.7677669529663689,6.721343522387177,7.156501889177166,0.84375,0.0625,0.90625,14,6,4,2.4762082683650997,0.21530880592763424
3,dp_delayed_append,96,99,16,4.036109534236386,0.8155857847914354,2.7003086243366083,2.886751345948129,3.809469117444546,4.144785010124038,0.3125,0.16666666666666666,0.14583333333333334,16,0,0,0.2409802062214094,0.19650622690096498
3,dp_delayed_recluster,96,99,16,3.900643847266653,0.79478870769901,2.6020824993326657,2.7950849718747373,3.809469117444546,3.945441186540097,0.2916666666666667,0.15625,0.13541666666666666,6,2,0,0.6250129852956987,0.14774158922955394
3,oracle_birth,96,23,0,3.4524898681773277,0.6792296787786665,2.5,2.282177322938192,3.353975128606491,3.500707764602066,0.22916666666666666,0.10416666666666667,0.125,2,2,0,0.0,0.07603080477565527
4,fixed_broad_birth,96,247,0,5.0940108755692695,0.9741390046692511,3.0618621784789726,3.952847075210474,5.554191029042863,4.847566524254916,0.4375,0.3125,0.1875,0,0,0,nan,0.17969031585380435
4,measurement_driven_birth,96,594,0,4.972485074497003,0.8759420544545913,4.14578098794425,2.6020824993326657,4.918581150730508,4.999219084615364,0.4583333333333333,0.13541666666666666,0.34375,0,0,0,nan,0.17668459843844175
4,dp_immediate,96,37,0,6.992033024203795,0.6715845527976805,6.73145600891813,1.7677669529663689,6.416369842449897,7.262774107721128,0.84375,0.0625,0.90625,11,8,7,8.16204444783285,0.20377146499231458
4,dp_delayed_append,96,81,18,4.380797030921543,0.9809260723746386,3.1457643480294792,2.886751345948129,4.950708444585144,4.065995190301284,0.3020833333333333,0.16666666666666666,0.19791666666666666,18,0,0,1.4686090645042356,0.24297220399603248
4,dp_delayed_recluster,96,80,17,4.311918419238519,0.9403760528826088,3.0618621784789726,2.886751345948129,4.950708444585144,3.954011081118676,0.3125,0.16666666666666666,0.1875,7,2,0,1.9505858919209147,0.16921076411381364
4,oracle_birth,96,21,0,3.830023527079661,0.7788325994613542,2.9755951785595207,2.282177322938192,3.8392102372344867,3.825421898841036,0.28125,0.10416666666666667,0.17708333333333334,2,2,0,0.0,0.07310254499316216
5,fixed_broad_birth,96,221,0,5.068934866257811,0.8331270481529749,3.38501600193165,3.679900360969936,4.027231071511504,5.5165075877653145,0.3958333333333333,0.2708333333333333,0.22916666666666666,0,0,0,nan,0.14022201532498002
5,measurement_driven_birth,96,524,0,5.010187868572182,0.7891868040718887,4.269562819149833,2.5,4.214673578045237,5.363882645327495,0.46875,0.125,0.3645833333333333,0,0,0,nan,0.1490641157142818
5,dp_immediate,96,29,0,8.845759659580242,0.34994850343611733,8.720187306856813,1.4433756729740645,8.483395007615716,9.021485493252547,1.4791666666666667,0.041666666666666664,1.5208333333333333,12,6,6,8.123247237732645,0.19281122693791986
5,dp_delayed_append,96,86,17,4.816929018268966,0.8983161101239858,3.8188130791298667,2.7950849718747373,4.029133303092339,5.165970399016873,0.40625,0.15625,0.2916666666666667,17,0,0,1.1562672733200416,0.19627963425591588
5,dp_delayed_recluster,96,91,15,4.70735243658461,0.8972180869512104,3.608439182435161,2.886751345948129,4.029133303092339,5.012164488151271,0.3854166666666667,0.16666666666666666,0.2604166666666667,5,2,0,2.20006624146657,0.1348394090309739
5,oracle_birth,96,21,0,4.208252868480669,0.7224210718658302,3.227486121839514,2.6020824993326657,3.6012604056691275,4.481021094894955,0.3229166666666667,0.13541666666666666,0.20833333333333334,2,2,0,0.0,0.07686476409435272
6,fixed_broad_birth,96,219,0,4.345608349454514,0.8094104398771461,2.9755951785595207,3.0618621784789726,4.586305712622475,4.2201146720742555,0.34375,0.1875,0.17708333333333334,0,0,0,nan,0.1511702062562108
6,measurement_driven_birth,96,544,0,4.515661129948919,1.0584715901705721,3.679900360969936,2.3935677693908453,4.4096129165479185,4.567762047644799,0.3854166666666667,0.11458333333333333,0.2708333333333333,0,0,0,nan,0.15755855105817318
6,dp_immediate,96,35,0,3.90431946814509,0.8126359430910134,2.886751345948129,2.5,4.0477940920163675,3.8305674851546248,0.2916666666666667,0.125,0.16666666666666666,11,8,5,0.424559482821825,0.19449764303863049
6,dp_delayed_append,96,92,15,4.69742056116846,0.8435598744733813,3.886407938787006,2.5,4.2161650514842455,4.920428438871329,0.40625,0.125,0.3020833333333333,15,0,0,0.6717831716647649,0.19112428976222873
6,dp_delayed_recluster,96,91,15,4.281879235133671,0.7913004808134328,3.227486121839514,2.7003086243366083,4.2161650514842455,4.314360996222359,0.3333333333333333,0.14583333333333334,0.20833333333333334,5,2,0,1.4995542036033123,0.1423890572041273
6,oracle_birth,96,22,0,3.673753282100158,0.6896592233910509,2.7003086243366083,2.3935677693908453,3.620981630163427,3.699856859882829,0.2604166666666667,0.11458333333333333,0.14583333333333334,2,2,0,0.0,0.0697686499916017
7,fixed_broad_birth,96,225,0,4.815131699632656,0.8886281289009114,3.4610932762158644,3.227486121839514,4.088372027013704,5.140121303196728,0.4270833333333333,0.20833333333333334,0.23958333333333334,0,0,0,nan,0.15461025899276137
7,measurement_driven_birth,96,561,0,4.953182164989664,0.7587359397302598,4.448782605013046,2.041241452319315,4.3963630083251335,5.209320156111806,0.4583333333333333,0.08333333333333333,0.3958333333333333,0,0,0,nan,0.17267337208613753
7,dp_immediate,96,34,0,5.210486595846038,0.7659442313192428,4.732423621500228,2.041241452319315,4.72816211584979,5.435622995697757,0.5104166666666666,0.08333333333333333,0.4479166666666667,11,5,3,2.6080932734695033,0.21308243414387107
7,dp_delayed_append,96,88,17,4.7666752648982245,0.9198875371438404,4.018187817080398,2.3935677693908453,4.076929089581116,5.076525802234486,0.4166666666666667,0.11458333333333333,0.3229166666666667,17,0,0,1.1927224702808228,0.21908894274383783
7,dp_delayed_recluster,96,88,15,4.709097550313721,0.9063294498713026,3.952847075210474,2.3935677693908453,4.076929089581116,4.9952701835656175,0.40625,0.11458333333333333,0.3125,6,2,0,2.0489548310290835,0.1551402690820396
7,oracle_birth,96,21,0,3.8838863172973332,0.7079827627535213,3.307189138830738,1.9094065395649333,3.5963937040081606,4.019929794339622,0.2916666666666667,0.07291666666666667,0.21875,2,2,0,0.0,0.07132782507687807
8,fixed_broad_birth,96,252,0,5.011466156541682,0.7972617960845686,3.307189138830738,3.679900360969936,4.754503252910775,5.1351279405945105,0.40625,0.2708333333333333,0.21875,0,0,0,nan,0.16964996699243784
8,measurement_driven_birth,96,620,0,4.899348642830477,0.7524075517994443,4.269562819149833,2.282177322938192,4.742380455922261,4.975976235036752,0.4270833333333333,0.10416666666666667,0.3645833333333333,0,0,0,nan,0.179754382930696
8,dp_immediate,96,29,0,7.058549256858913,0.5864733112741308,6.73145600891813,2.041241452319315,6.877059455609776,7.14756623189036,0.84375,0.08333333333333333,0.90625,10,4,3,8.586078999056134,0.21803270932286978
8,dp_delayed_append,96,79,15,4.147909478518795,0.7338163089761607,3.227486121839514,2.5,4.216460398401362,4.11320561330644,0.25,0.125,0.20833333333333334,15,0,0,0.5084000300773724,0.253340357914567
8,dp_delayed_recluster,96,78,15,4.504452187566478,0.7059906822372047,3.75,2.3935677693908453,4.216460398401362,4.641752375931437,0.3125,0.11458333333333333,0.28125,5,2,0,1.1287821528286723,0.18419998604804277
8,oracle_birth,96,24,0,3.949990394425479,0.7058735363979045,3.1457643480294792,2.282177322938192,4.029808700991938,3.9094701803166574,0.2604166666666667,0.10416666666666667,0.19791666666666666,2,2,0,0.0,0.09291198430582881
9,fixed_broad_birth,96,258,0,5.242670627241602,1.2016358179894555,3.679900360969936,3.5355339059327378,5.2049942180754165,5.261407658936297,0.4791666666666667,0.25,0.2708333333333333,0,0,0,nan,0.1806453987956047
9,measurement_driven_birth,96,593,0,5.346977640659915,0.6820336426578042,4.732423621500228,2.3935677693908453,4.38835541446803,5.766838233619023,0.5,0.11458333333333333,0.4479166666666667,0,0,0,nan,0.18348023807629943
9,dp_immediate,96,41,0,6.465232863770473,0.8083332539518737,5.863019699779287,2.6020824993326657,6.4073072838032346,6.494001898646754,0.71875,0.13541666666666666,0.6875,13,10,9,4.4473366384802375,0.2504462278448045
9,dp_delayed_append,96,72,19,5.362675111667899,0.7957916519430898,4.330127018922194,3.0618621784789726,5.049223506627606,5.512721425939558,0.5208333333333334,0.1875,0.375,19,0,0,0.8599887224796681,0.25536043802276254
9,dp_delayed_recluster,96,72,19,5.26092905582703,0.7707406808465167,4.208127057650866,3.0618621784789726,5.049223506627606,5.3636492042011135,0.5,0.1875,0.3541666666666667,11,3,1,1.4895480352170627,0.21080140955746174
9,oracle_birth,96,22,0,4.080055045699496,0.7078247259064812,3.227486121839514,2.3935677693908453,3.13863661119005,4.477136794353686,0.3020833333333333,0.11458333333333333,0.20833333333333334,2,2,0,0.0,0.08156368974596262
10,fixed_broad_birth,96,226,0,4.888163008569886,0.9886712960758651,2.886751345948129,3.8188130791298667,5.114582837999333,4.7709252346005,0.4375,0.2916666666666667,0.16666666666666666,0,0,0,nan,0.17023420985788107
10,measurement_driven_birth,96,591,0,4.794657646046363,0.7700055905365312,3.75,2.886751345948129,4.881508219223332,4.7506369748712425,0.3854166666666667,0.16666666666666666,0.28125,0,0,0,nan,0.19058642769232392
10,dp_immediate,96,29,0,7.0603444262927,0.6076979111497153,6.574889099191458,2.5,6.510314702380553,7.319876799838054,0.7604166666666666,0.125,0.8645833333333334,14,5,3,3.9982171549314045,0.22752903634682298
10,dp_delayed_append,96,74,18,4.58326390691382,1.1021076960770504,3.307189138830738,2.9755951785595207,4.2823357881417445,4.726548651968856,0.3333333333333333,0.17708333333333334,0.21875,18,0,0,0.9095912324844388,0.22915308875963092
10,dp_delayed_recluster,96,73,17,4.366808204059845,0.9164317892662316,3.0618621784789726,2.9755951785595207,4.283989894076993,4.40763384712134,0.3020833333333333,0.17708333333333334,0.1875,6,2,0,1.1118844030449984,0.15182426432147622
10,oracle_birth,96,21,0,4.0803074663124566,0.7092782855211653,2.7003086243366083,2.9755951785595207,4.376573704742125,3.9237946981140164,0.3020833333333333,0.17708333333333334,0.14583333333333334,2,2,0,0.0,0.07938093412667513
11,fixed_broad_birth,96,246,0,5.4199374192940715,1.3309977319279738,3.8188130791298667,3.608439182435161,5.067678795853873,5.5877453641538315,0.4895833333333333,0.2604166666666667,0.2916666666666667,0,0,0,nan,0.17448677960783243
11,measurement_driven_birth,96,588,0,5.196323471951467,0.9798525187430378,4.5069390943299865,2.3935677693908453,5.364399823847971,5.110212686638448,0.4791666666666667,0.11458333333333333,0.40625,0,0,0,nan,0.1824360629543662
11,dp_immediate,96,30,0,7.181232434505002,0.7269337051753574,6.884463184107628,1.9094065395649333,6.397862251410099,7.542468311075017,0.9166666666666666,0.07291666666666667,0.9479166666666666,11,6,5,6.017703704240696,0.2082222462631762
11,dp_delayed_append,96,115,14,5.0427878007984255,0.9749575053379254,4.208127057650866,2.6020824993326657,4.911096453740953,5.1073602787397565,0.4479166666666667,0.13541666666666666,0.3541666666666667,14,0,0,0.621843525697607,0.20888492604717612
11,dp_delayed_recluster,96,115,14,4.883281725732936,0.9642477618385107,4.018187817080398,2.6020824993326657,4.911096453740953,4.869314780371298,0.4166666666666667,0.13541666666666666,0.3229166666666667,6,3,1,1.1506860815317488,0.17130921175703406
11,oracle_birth,96,27,0,4.084704195286277,0.7341491876015257,3.227486121839514,2.3935677693908453,4.010783880781456,4.121167173910298,0.3020833333333333,0.11458333333333333,0.20833333333333334,2,2,0,0.0,0.08404539711773396
12,fixed_broad_birth,96,229,0,4.612072361405168,0.661723608090356,2.7003086243366083,3.679900360969936,4.197240382755776,4.8060798770867565,0.3333333333333333,0.2708333333333333,0.14583333333333334,0,0,0,nan,0.1632147110067308
12,measurement_driven_birth,96,542,0,4.436065144305034,0.6386240139430277,3.4610932762158644,2.7003086243366083,4.196975551320543,4.550902004832215,0.3645833333333333,0.14583333333333334,0.23958333333333334,0,0,0,nan,0.16564690321683884
12,dp_immediate,96,29,0,7.011032103007645,0.4429873768748699,6.692657668420421,2.041241452319315,6.743977161475035,7.14081527186198,0.8333333333333334,0.08333333333333333,0.8958333333333334,11,7,6,7.935506098201411,0.20411812886595726
12,dp_delayed_append,96,80,16,4.095435320770352,0.7916799437146462,2.886751345948129,2.7950849718747373,4.011214445113469,4.136902831536724,0.28125,0.15625,0.16666666666666666,16,0,0,0.42013535815321207,0.20916720293462276
12,dp_delayed_recluster,96,80,16,3.959828377732362,0.7589954640364088,2.7003086243366083,2.7950849718747373,4.011214445113469,3.933883642063945,0.28125,0.15625,0.14583333333333334,6,2,0,1.297446336531718,0.15057444665580988
12,oracle_birth,96,24,0,3.508720291887812,0.5761522542163887,2.5,2.3935677693908453,3.3532904893525313,3.5839082824574167,0.23958333333333334,0.11458333333333333,0.125,2,2,0,0.0,0.08008520770817995
13,fixed_broad_birth,96,228,0,5.404694987534175,0.7515946879427138,3.4610932762158644,4.08248290463863,5.483779619207196,5.364715500974814,0.5104166666666666,0.3333333333333333,0.23958333333333334,0,0,0,nan,0.1588642718270421
13,measurement_driven_birth,96,554,0,4.887091562587274,0.6679550442295707,4.14578098794425,2.5,4.372872490321384,5.124889169861415,0.46875,0.125,0.34375,0,0,0,nan,0.1712259971536696
13,dp_immediate,96,38,0,5.997734727485137,1.0377805779392302,5.400617248673217,2.3935677693908453,6.50776955785272,5.725705238908525,0.6354166666666666,0.11458333333333333,0.5833333333333334,13,8,6,2.454379327929669,0.22483196528628469
13,dp_delayed_append,96,92,15,5.123214170718213,0.8523438893513422,4.14578098794425,2.886751345948129,4.547792198004743,5.387928936099237,0.4895833333333333,0.16666666666666666,0.34375,15,0,0,0.989743690290775,0.20386094972491264
13,dp_delayed_recluster,96,89,15,4.520265386111682,0.8007074960388046,3.38501600193165,2.886751345948129,4.547792198004743,4.506438927046798,0.375,0.16666666666666666,0.22916666666666666,6,2,0,1.256996533709942,0.15779209323227406
13,oracle_birth,96,20,0,3.737187473783141,0.6518462606588677,2.886751345948129,2.282177322938192,3.583586381951663,3.81166756720044,0.2708333333333333,0.10416666666666667,0.16666666666666666,2,2,0,0.0,0.07200545771047473
14,fixed_broad_birth,96,212,0,5.310664163647882,0.7739426286148007,3.5355339059327378,3.886407938787006,4.926838332296593,5.492527907283425,0.4895833333333333,0.3020833333333333,0.25,0,0,0,nan,0.1385346967726946
14,measurement_driven_birth,96,541,0,4.846110379764532,0.7537367884048564,4.269562819149833,2.165063509461097,5.228528550089687,4.643104922327388,0.4375,0.09375,0.3645833333333333,0,0,0,nan,0.15600112872198224
14,dp_immediate,96,36,0,7.349472634694549,0.6073834660169017,7.107800878846659,1.7677669529663689,6.777345194732149,7.619443422449344,0.9479166666666666,0.0625,1.0104166666666667,13,8,7,3.2353696473136377,0.2122015543282032
14,dp_delayed_append,96,79,18,4.888851573355729,0.9920700779864903,4.018187817080398,2.6020824993326657,5.0939627732011274,4.782998661098989,0.3958333333333333,0.13541666666666666,0.3229166666666667,18,0,0,0.2321657630055557,0.2101424247957766
14,dp_delayed_recluster,96,80,18,4.7111700561569325,0.9170368756833317,3.8188130791298667,2.6020824993326657,5.0939627732011274,4.5075998690727985,0.3645833333333333,0.13541666666666666,0.2916666666666667,7,2,0,2.0087931739504943,0.1543255290016532
14,oracle_birth,96,22,0,4.139533721577173,0.6848888708454062,3.5355339059327378,2.041241452319315,4.898565845310703,3.702112299443328,0.3125,0.08333333333333333,0.25,2,2,0,0.0,0.07278096815571189
15,fixed_broad_birth,96,228,0,4.905798625634244,0.7933222266360889,3.38501600193165,3.4610932762158644,5.35053501295288,4.66756657911753,0.3645833333333333,0.23958333333333334,0.22916666666666666,0,0,0,nan,0.16835616389289498
15,measurement_driven_birth,96,586,0,4.783092283000773,0.6943619044620855,4.14578098794425,2.282177322938192,5.494092623793419,4.3845673449203275,0.4270833333333333,0.10416666666666667,0.34375,0,0,0,nan,0.19310133485123515
15,dp_immediate,96,26,0,7.656378428020555,0.5355345924636118,7.534642216677136,1.25,6.396808460502861,8.214049957810536,1.1041666666666667,0.03125,1.1354166666666667,11,6,5,7.108388506578143,0.20662170881405473
15,dp_delayed_append,96,85,16,4.457557883985774,0.7739437678219252,3.5355339059327378,2.6020824993326657,5.20100653676206,4.0347861078258855,0.3229166666666667,0.13541666666666666,0.25,16,0,0,0.5323691063342595,0.2212348231114447
15,dp_delayed_recluster,96,87,16,4.336737727589208,0.7603469282037932,3.307189138830738,2.7003086243366083,5.20100653676206,3.832193455336327,0.3229166666666667,0.14583333333333334,0.21875,7,2,0,1.1934910513955128,0.17117143468931317
15,oracle_birth,96,24,0,3.736636770363908,0.6486814988643888,3.0618621784789726,2.041241452319315,4.377783703568546,3.3706359122335146,0.2708333333333333,0.08333333333333333,0.1875,2,2,0,0.0,0.08242595195770264
16,fixed_broad_birth,96,240,0,5.469957811161284,0.868200316296692,3.608439182435161,4.018187817080398,6.301169584467554,5.002828061978245,0.4791666666666667,0.3229166666666667,0.2604166666666667,0,0,0,nan,0.16565273189917207
16,measurement_driven_birth,96,601,0,5.313765761654985,0.7949464781166878,4.389855730355308,2.886751345948129,6.042629123026345,4.9089180575135005,0.46875,0.16666666666666666,0.3854166666666667,0,0,0,nan,0.18074085284024477
16,dp_immediate,96,36,0,6.652822137852104,0.7141725267013891,5.907269532815761,2.9755951785595207,7.526776788508302,6.169593113393208,0.6875,0.17708333333333334,0.6979166666666666,13,6,5,4.142654810010389,0.24083486571907997
16,dp_delayed_append,96,71,19,5.42732449284248,0.9000098984314293,4.269562819149833,3.227486121839514,6.416238735107795,4.85795399041232,0.46875,0.20833333333333334,0.3645833333333333,19,0,0,1.5600607260515178,0.24875346198678017
16,dp_delayed_recluster,96,71,18,5.32488284839276,0.8661470328072085,4.14578098794425,3.227486121839514,6.416238735107795,4.684816567456218,0.4270833333333333,0.20833333333333334,0.34375,8,2,0,1.959631573239676,0.18765476206317544
16,oracle_birth,96,23,0,3.8974040995025763,0.7787331901788656,2.886751345948129,2.5,4.022641723916486,3.833251211795586,0.25,0.125,0.16666666666666666,2,2,0,0.0,0.08463433617725968
17,fixed_broad_birth,96,221,0,4.918232675832971,0.86689829485998,3.227486121839514,3.608439182435161,4.7568995513003225,4.996946298477312,0.3645833333333333,0.2604166666666667,0.20833333333333334,0,0,0,nan,0.15471284510567784
17,measurement_driven_birth,96,549,0,4.909132999854605,0.8136871697780853,4.018187817080398,2.7003086243366083,4.738942526015978,4.992052892643551,0.4270833333333333,0.14583333333333334,0.3229166666666667,0,0,0,nan,0.17193994391709566
17,dp_immediate,96,31,0,7.033287015470731,0.7132972092023426,6.692657668420421,2.041241452319315,6.523799640599474,7.27466208752275,0.8333333333333334,0.08333333333333333,0.8958333333333334,13,6,5,8.517170676354148,0.22716840216889977
17,dp_delayed_append,96,72,16,4.250935495017699,0.9396555660460741,3.227486121839514,2.6020824993326657,4.409408930580121,4.169440647816225,0.3229166666666667,0.13541666666666666,0.20833333333333334,16,0,0,0.31627290749102593,0.2140593589283526
17,dp_delayed_recluster,96,72,16,4.191764677972094,0.9509071715093017,3.1457643480294792,2.6020824993326657,4.409408930580121,4.078589598709567,0.3125,0.13541666666666666,0.19791666666666666,6,2,0,1.8310473440111172,0.1471757641993463
17,oracle_birth,96,20,0,3.690800047591061,0.7753526023460832,2.9755951785595207,2.041241452319315,3.3878562151601868,3.833304399554973,0.2604166666666667,0.08333333333333333,0.17708333333333334,2,2,0,0.0,0.07768302969634533
18,fixed_broad_birth,96,218,0,5.221593367202468,0.8381749772051221,3.679900360969936,3.608439182435161,5.355496128577179,5.153337418316079,0.4270833333333333,0.2604166666666667,0.2708333333333333,0,0,0,nan,0.14490438485518098
18,measurement_driven_birth,96,554,0,4.907785662889367,0.8055185366348929,4.269562819149833,2.282177322938192,5.042607584619847,4.838966268022626,0.4479166666666667,0.10416666666666667,0.3645833333333333,0,0,0,nan,0.16225628275424242
18,dp_immediate,96,24,0,7.031105582962859,0.6914567126278716,6.808389432653413,1.613743060919757,6.980482752865522,7.056280808374246,0.8958333333333334,0.052083333333333336,0.9270833333333334,9,5,4,3.722600771669654,0.16694817785173655
18,dp_delayed_append,96,72,17,5.467144095008689,0.8502928253970593,4.7871355387816905,2.5,4.76140436597214,5.787833019812622,0.5,0.125,0.4583333333333333,17,0,0,0.580662512522039,0.20953994616866112
18,dp_delayed_recluster,96,74,17,5.368986984205801,0.8372701096846195,4.677071733467427,2.5,4.749693061981346,5.653250371542027,0.4791666666666667,0.125,0.4375,5,2,0,1.4946841534196742,0.14350319979712367
18,oracle_birth,96,23,0,3.7612888857532405,0.7782206727042054,3.0618621784789726,2.041241452319315,3.138159484107604,4.0369442217213045,0.2708333333333333,0.08333333333333333,0.1875,2,2,0,0.0,0.07804524712264538
19,fixed_broad_birth,96,223,0,4.5729858474762075,0.7744027125583258,3.307189138830738,3.0618621784789726,4.878173190930532,4.412483711184649,0.40625,0.1875,0.21875,0,0,0,nan,0.14026324823498726
19,measurement_driven_birth,96,537,0,4.943700700858954,0.694149325678542,4.208127057650866,2.5,5.478042021060668,4.653578487278015,0.4791666666666667,0.125,0.3541666666666667,0,0,0,nan,0.15674949996173382
19,dp_immediate,96,29,0,7.052688189646209,0.5111203710560257,6.7700320038633,1.9094065395649333,6.744869857889243,7.20166517901459,0.8645833333333334,0.07291666666666667,0.9166666666666666,12,7,6,8.635713432006948,0.19632899900898337
19,dp_delayed_append,96,106,13,4.276531690070481,0.7618332907163824,3.38501600193165,2.5,4.875967381160643,3.942785309041609,0.3541666666666667,0.125,0.22916666666666666,13,0,0,0.6905002988086573,0.17408983083441854
19,dp_delayed_recluster,96,105,13,4.2140561437866655,0.7554926756667766,3.307189138830738,2.5,4.875967381160643,3.8405565772955264,0.34375,0.125,0.21875,3,2,0,1.5021980631806802,0.11931899469345808
19,oracle_birth,96,21,0,4.0120796024526415,0.686864423606687,3.227486121839514,2.282177322938192,4.708919849425254,3.6136146765350117,0.3125,0.10416666666666667,0.20833333333333334,2,2,0,0.0,0.06998020969331264
20,fixed_broad_birth,96,219,0,5.238262775586336,1.1822564186447848,3.5355339059327378,3.679900360969936,5.580690459652764,5.058363604557357,0.4166666666666667,0.2708333333333333,0.25,0,0,0,nan,0.15454319771379232
20,measurement_driven_birth,96,574,0,4.853944403128528,0.8025643911837258,4.14578098794425,2.3935677693908453,4.89367540224703,4.833956447023011,0.4375,0.11458333333333333,0.34375,0,0,0,nan,0.17904076725244522
20,dp_immediate,96,32,0,6.2886187083953615,0.6958629603450317,5.863019699779287,2.165063509461097,6.98127042399169,5.911938727940241,0.7395833333333334,0.09375,0.6875,14,6,4,1.8069661795737502,0.2275088462047279
20,dp_delayed_append,96,59,18,4.686292080409971,1.0620735047913978,3.608439182435161,2.7950849718747373,5.135721249962317,4.444567899775249,0.3541666666666667,0.15625,0.2604166666666667,18,0,0,0.9076712817059371,0.24224494490772486
20,dp_delayed_recluster,96,59,18,4.508973904937947,1.0295690079242004,3.38501600193165,2.7950849718747373,5.135701758903828,4.160354820795108,0.3229166666666667,0.15625,0.22916666666666666,8,2,0,1.4924021779013181,0.1809064131230116
20,oracle_birth,96,22,0,4.01821747226306,0.7218529312818036,3.38501600193165,2.041241452319315,4.184045536750993,3.932682157865958,0.2916666666666667,0.08333333333333333,0.22916666666666666,2,2,0,0.0,0.08022399712353945
21,fixed_broad_birth,96,238,0,5.454656389444169,1.0523511740720262,4.08248290463863,3.4610932762158644,5.04081528108779,5.650221689573965,0.5104166666666666,0.23958333333333334,0.3333333333333333,0,0,0,nan,0.16589444689452648
21,measurement_driven_birth,96,568,0,5.443309968444305,0.680409248833729,4.894725051862804,2.282177322938192,5.183803689748464,5.568529857325255,0.5416666666666666,0.10416666666666667,0.4791666666666667,0,0,0,nan,0.173140536993742
21,dp_immediate,96,35,0,7.589622672082155,0.9118875869591201,7.252872993970504,2.041241452319315,6.752891405019502,7.975135565799622,1.0104166666666667,0.08333333333333333,1.0520833333333333,13,7,6,5.49896151912849,0.2119963839650154
21,dp_delayed_append,96,116,13,4.728060882392753,0.6925024964666447,3.952847075210474,2.5,4.205026973264948,4.968975109464316,0.4166666666666667,0.125,0.3125,13,0,0,1.024311947664231,0.19732632534578443
21,dp_delayed_recluster,96,116,13,4.7281104688811935,0.692840967281775,3.952847075210474,2.5,4.205026973264948,4.969045882860514,0.4166666666666667,0.125,0.3125,4,2,0,1.7393421365616368,0.14917248906567693
21,oracle_birth,96,25,0,4.613870619907192,0.674142984766166,4.018187817080398,2.165063509461097,3.9922410000614064,4.895172013788535,0.3958333333333333,0.09375,0.3229166666666667,2,2,0,0.0,0.07812145166099072
22,fixed_broad_birth,96,236,0,5.089066172554494,1.1913974324178218,3.1457643480294792,3.8188130791298667,5.2177839748214945,5.023470608952109,0.40625,0.2916666666666667,0.19791666666666666,0,0,0,nan,0.1715747439302504
22,measurement_driven_birth,96,575,0,4.962949893004128,0.8200843292834858,4.14578098794425,2.6020824993326657,5.50276482592461,4.66969989356789,0.4166666666666667,0.13541666666666666,0.34375,0,0,0,nan,0.1852273168042302
22,dp_immediate,96,25,0,7.134549832907645,0.6172260403686541,6.808389432653413,2.041241452319315,6.975197197277097,7.2129060722369465,0.84375,0.08333333333333333,0.9270833333333334,11,5,4,7.8876418528774765,0.19999719690531492
22,dp_delayed_append,96,78,20,4.544175811123906,0.9262111723235373,2.9755951785595207,3.307189138830738,4.87437177357675,4.369731182817146,0.3125,0.21875,0.17708333333333334,20,0,0,0.4991882709816391,0.25089930230751634
22,dp_delayed_recluster,96,78,20,4.545639179409123,0.933364281892434,2.9755951785595207,3.307189138830738,4.87437177357675,4.372013635677272,0.3125,0.21875,0.17708333333333334,11,3,0,1.140922329849372,0.21349061001092196
22,oracle_birth,96,23,0,3.9554553181575463,0.7358397293393101,2.9755951785595207,2.5,4.363255178988295,3.734895217061268,0.2604166666666667,0.125,0.17708333333333334,2,2,0,0.0,0.08434542873874307
23,fixed_broad_birth,96,238,0,4.959198407789891,0.7970668193397957,3.75,3.1457643480294792,4.196478964050908,5.2995523795767685,0.4375,0.19791666666666666,0.28125,0,0,0,nan,0.15983884409070015
23,measurement_driven_birth,96,565,0,5.256027784445695,0.7365424207279443,4.5069390943299865,2.6020824993326657,4.709615707325508,5.508947454001907,0.5,0.13541666666666666,0.40625,0,0,0,nan,0.17465655598789454
23,dp_immediate,96,36,0,4.567956202791077,0.7441262464242738,4.08248290463863,1.9094065395649333,3.369096761112081,5.062008426806327,0.40625,0.07291666666666667,0.3333333333333333,10,8,6,0.611889374119636,0.20131809217855334
23,dp_delayed_append,96,103,17,4.802407744303581,0.8168762508566841,4.018187817080398,2.5,3.9993063098519865,5.157272024414608,0.4270833333333333,0.125,0.3229166666666667,17,0,0,1.2034983998214488,0.2309051239863038
23,dp_delayed_recluster,96,104,17,4.747946966765463,0.8173129138936704,3.952847075210474,2.5,3.9993063098519865,5.081070272965636,0.4166666666666667,0.125,0.3125,8,2,0,1.7547986253382588,0.1825006501749158
23,oracle_birth,96,26,0,3.670552721651267,0.6724016278149463,3.0618621784789726,1.9094065395649333,3.346918212487159,3.822107424326685,0.2604166666666667,0.07291666666666667,0.1875,2,2,0,0.0,0.07982428278774023
24,fixed_broad_birth,96,230,0,4.749127189161057,0.824141407058765,3.0618621784789726,3.5355339059327378,4.734906140504893,4.756221768226092,0.4166666666666667,0.25,0.1875,0,0,0,nan,0.1632585977204144
24,measurement_driven_birth,96,562,0,4.8479951313971155,0.7657611425134291,3.952847075210474,2.7003086243366083,5.191083587437318,4.667002333960704,0.4166666666666667,0.14583333333333334,0.3125,0,0,0,nan,0.1814029016532004
24,dp_immediate,96,37,0,7.022513960070903,0.5978034677528848,6.653633092779714,2.165063509461097,6.74831921120019,7.15567239265181,0.8541666666666666,0.09375,0.8854166666666666,11,9,7,6.861365937500556,0.20402339613065124
24,dp_delayed_append,96,87,17,4.287984135206239,0.8236957025789691,2.9755951785595207,2.9755951785595207,4.212863050449695,4.325055418691007,0.3541666666666667,0.17708333333333334,0.17708333333333334,17,0,0,0.663845292535842,0.20289784716442227
24,dp_delayed_recluster,96,87,17,4.284813055849261,0.8070251484575599,2.886751345948129,3.0618621784789726,4.212863050449695,4.320338741862988,0.3541666666666667,0.1875,0.16666666666666666,6,2,0,1.1062584053170639,0.1565960170701146
24,oracle_birth,96,25,0,3.8252407341000976,0.7549613724016974,2.7950849718747373,2.5,3.592927747188626,3.936259025073047,0.28125,0.125,0.15625,2,2,0,0.0,0.08175677107647061
25,fixed_broad_birth,96,232,0,4.649027608813883,1.1405953303050733,3.227486121839514,3.1457643480294792,4.728896103867979,4.608574332771658,0.3645833333333333,0.19791666666666666,0.20833333333333334,0,0,0,nan,0.165745432022959
25,measurement_driven_birth,96,571,0,4.468676367702102,0.8356046588704024,3.8188130791298667,2.165063509461097,4.558819303159431,4.422916006376265,0.3645833333333333,0.09375,0.2916666666666667,0,0,0,nan,0.1788142342120409
25,dp_immediate,96,31,0,6.947231624388673,0.5893730365731128,6.7700320038633,1.4433756729740645,6.639756120640748,7.095974929040123,0.8958333333333334,0.041666666666666664,0.9166666666666666,13,6,5,5.819130198095161,0.24517928482964635
25,dp_delayed_append,96,88,15,3.912360414593044,0.8504297033507962,2.9755951785595207,2.3935677693908453,3.8260800352002198,3.954794786412201,0.2916666666666667,0.11458333333333333,0.17708333333333334,15,0,0,0.9013200618479693,0.21911398973315954
25,dp_delayed_recluster,96,89,16,3.9092715646558918,0.8361045585892888,2.9755951785595207,2.3935677693908453,3.8260800352002198,3.9502103781269455,0.2916666666666667,0.11458333333333333,0.17708333333333334,7,2,0,1.3625199456964383,0.16147150890901685
25,oracle_birth,96,22,0,3.403044019607716,0.8020028674436531,2.6020824993326657,2.041241452319315,3.132801467996245,3.5304164598729777,0.21875,0.08333333333333333,0.13541666666666666,2,2,0,0.0,0.08107295911759138
26,fixed_broad_birth,96,205,0,5.16507749102314,0.7977210174034675,3.1457643480294792,4.018187817080398,5.071641129559177,5.211167466018789,0.4791666666666667,0.3229166666666667,0.19791666666666666,0,0,0,nan,0.1549524962902069
26,measurement_driven_birth,96,531,0,4.736822381903671,0.7499908517465883,3.75,2.7950849718747373,4.91495621487736,4.645194519013662,0.4375,0.15625,0.28125,0,0,0,nan,0.16911478992551565
26,dp_immediate,96,33,0,7.094758590028258,0.5793094602885054,6.922186552431729,1.4433756729740645,7.206431799274794,7.03825756401186,0.9166666666666666,0.041666666666666664,0.9583333333333334,16,5,4,5.996820406576179,0.24007476773113012
26,dp_delayed_append,96,81,16,4.297419810773415,0.8714836181446433,2.886751345948129,3.0618621784789726,4.617538591562853,4.128061799774271,0.3333333333333333,0.1875,0.16666666666666666,16,0,0,0.7524338228177536,0.19100387813523412
26,dp_delayed_recluster,96,81,16,4.29227499046345,0.8457489346281638,2.886751345948129,3.0618621784789726,4.617538591562853,4.120024947539868,0.3333333333333333,0.1875,0.16666666666666666,7,2,0,0.9905690302858384,0.15169432619586587
26,oracle_birth,96,18,0,3.6743613244256204,0.6928909070708502,2.7003086243366083,2.3935677693908453,3.6152993458161173,3.7035391227477232,0.2604166666666667,0.11458333333333333,0.14583333333333334,2,2,0,0.0,0.07309979107230902
27,fixed_broad_birth,96,246,0,4.8688796304990065,0.8884380617811662,3.227486121839514,3.5355339059327378,4.2303819430566785,5.158577089892349,0.3958333333333333,0.25,0.20833333333333334,0,0,0,nan,0.1625851709395647
27,measurement_driven_birth,96,577,0,4.676942237572844,0.7208481302786431,4.018187817080398,2.282177322938192,4.743934133425625,4.643083836121092,0.4270833333333333,0.10416666666666667,0.3229166666666667,0,0,0,nan,0.17198345996439457
27,dp_immediate,96,35,0,9.186059960313933,0.09326089471375403,9.128709291752768,1.0206207261596576,8.926785535678562,9.312990732934518,1.6458333333333333,0.020833333333333332,1.6666666666666667,14,9,9,13.63695429090792,0.23762923618778586
27,dp_delayed_append,96,106,18,4.770986111160348,0.9419705265479069,3.75,2.7950849718747373,4.417981854773377,4.938034110329131,0.3958333333333333,0.15625,0.28125,18,0,0,0.6030796969648877,0.2092612450942397
27,dp_delayed_recluster,96,108,15,4.420611886767385,0.8898367566183678,3.307189138830738,2.7950849718747373,4.417981854773377,4.421926316164737,0.3333333333333333,0.15625,0.21875,6,2,0,1.0882621816584228,0.15125812822952867
27,oracle_birth,96,22,0,3.8837897710992166,0.7074529332482625,3.0618621784789726,2.282177322938192,3.822464694087994,3.9140920160833916,0.2916666666666667,0.10416666666666667,0.1875,2,2,0,0.0,0.07446869695559144
28,fixed_broad_birth,96,245,0,5.261852888863734,0.7770215509947522,3.75,3.608439182435161,6.535610038533184,4.49149690506156,0.4375,0.2604166666666667,0.28125,0,0,0,nan,0.15080015687271953
28,measurement_driven_birth,96,561,0,5.154545025852517,0.7264074317311595,4.5069390943299865,2.3935677693908453,6.155098992167933,4.572896219423533,0.5,0.11458333333333333,0.40625,0,0,0,nan,0.15960372891277075
28,dp_immediate,96,34,0,7.304247994791539,0.4764858543715763,7.034142923389221,1.9094065395649333,7.406657888270343,7.252500783673565,0.9166666666666666,0.07291666666666667,0.9895833333333334,12,5,4,10.638433301559106,0.20741203287616372
28,dp_delayed_append,96,63,17,4.963723149060584,0.824750972831552,4.08248290463863,2.7003086243366083,6.398758416581515,4.06026681560381,0.4166666666666667,0.14583333333333334,0.3333333333333333,17,0,0,0.40874034032793316,0.21231144899502397
28,dp_delayed_recluster,96,63,17,4.898944497121618,0.749771422420311,4.018187817080398,2.7003086243366083,6.398758416581515,3.940486155530923,0.4270833333333333,0.14583333333333334,0.3229166666666667,8,2,0,1.0512611912107725,0.16287303483113647
28,oracle_birth,96,17,0,4.0032607140704854,0.6333216756279023,3.38501600193165,2.041241452319315,4.709501572884059,3.5985333102156343,0.2916666666666667,0.08333333333333333,0.22916666666666666,2,2,0,0.0,0.0699873510748148
29,fixed_broad_birth,96,223,0,5.390108584797718,0.9634679838531568,3.679900360969936,3.8188130791298667,4.890914212216792,5.6231116757746324,0.4583333333333333,0.2916666666666667,0.2708333333333333,0,0,0,nan,0.15302085876464844
29,measurement_driven_birth,96,594,0,5.353829271380923,0.7338173254258811,4.564354645876384,2.7003086243366083,4.732468232476996,5.638892091088534,0.4791666666666667,0.14583333333333334,0.4166666666666667,0,0,0,nan,0.16673923190683126
29,dp_immediate,96,29,0,7.1498524160911305,0.7743101694739902,6.846531968814577,1.9094065395649333,6.516773531015002,7.4462350037154605,0.9270833333333334,0.07291666666666667,0.9375,12,5,4,4.505645242808126,0.20488408580422401
29,dp_delayed_append,96,70,17,5.04896337738082,1.0064117047541064,3.75,3.227486121839514,4.781463978439799,5.177532992713849,0.4270833333333333,0.20833333333333334,0.28125,17,0,0,1.075834476828053,0.22558001382276416
29,dp_delayed_recluster,96,73,18,5.057114657288516,1.0465380978711145,3.8188130791298667,3.1457643480294792,4.619235766810785,5.262408521841641,0.40625,0.19791666666666666,0.2916666666666667,7,2,0,2.533402662400282,0.15988289006054401
29,oracle_birth,96,23,0,4.2730326332867214,0.7419397224841939,3.227486121839514,2.7003086243366083,3.364081809364965,4.661511409151516,0.3333333333333333,0.14583333333333334,0.20833333333333334,2,2,0,0.0,0.08307569194585085
30,fixed_broad_birth,96,241,0,4.960177702135649,0.8031372880338393,3.227486121839514,3.679900360969936,4.571512725413278,5.143508525883647,0.3958333333333333,0.2708333333333333,0.20833333333333334,0,0,0,nan,0.15652106422930956
30,measurement_driven_birth,96,587,0,4.724645307685448,0.6687849306272727,4.08248290463863,2.282177322938192,5.036959273616038,4.560474817726536,0.4166666666666667,0.10416666666666667,0.3333333333333333,0,0,0,nan,0.16509548109024763
30,dp_immediate,96,34,0,7.34757914109329,0.5840255998634626,6.884463184107628,2.5,6.860583881037531,7.579351770274805,0.90625,0.125,0.9479166666666666,13,9,8,8.083659206765898,0.21994361327961087
30,dp_delayed_append,96,108,16,4.104673668321241,0.8381602412882749,3.0618621784789726,2.6020824993326657,4.734763736665864,3.750136672721619,0.28125,0.13541666666666666,0.1875,16,0,0,0.5225850030904177,0.22242109384387732
30,dp_delayed_recluster,96,108,16,4.0322131940430115,0.7960799220018967,2.9755951785595207,2.6020824993326657,4.734763736665864,3.630305915800867,0.2708333333333333,0.13541666666666666,0.17708333333333334,8,2,0,1.0590091500536412,0.18757519219070673
30,oracle_birth,96,23,0,3.604179140491688,0.7000766220603304,2.7003086243366083,2.282177322938192,3.6009415456686478,3.605796847781617,0.25,0.10416666666666667,0.14583333333333334,2,2,0,0.0,0.07630280684679747
31,fixed_broad_birth,96,249,0,5.200924829020864,1.003968331402463,3.4610932762158644,3.75,6.198809111619698,4.621883968095572,0.4166666666666667,0.28125,0.23958333333333334,0,0,0,nan,0.1808910802938044
31,measurement_driven_birth,96,623,0,5.225443847450136,0.8618372252661655,4.208127057650866,2.9755951785595207,5.933604079511434,4.8326045170367875,0.46875,0.17708333333333334,0.3541666666666667,0,0,0,nan,0.19179916894063354
31,dp_immediate,96,33,0,5.029915300921763,0.9060249818742281,4.330127018922194,2.3935677693908453,5.670197837281088,4.677018296384645,0.4479166666666667,0.11458333333333333,0.375,10,6,4,0.635318786210266,0.20638187695294619
31,dp_delayed_append,96,73,22,5.247023043285884,1.2204852109330886,4.14578098794425,2.9755951785595207,5.881488509272161,4.899073655581159,0.4375,0.17708333333333334,0.34375,22,0,0,0.3383662603236283,0.2908652750775218
31,dp_delayed_recluster,96,74,22,5.369451543423691,1.1076295457003604,4.330127018922194,2.9755951785595207,5.880659937826462,5.094647599548374,0.4479166666666667,0.17708333333333334,0.375,11,4,1,0.7847833503578727,0.22197764506563544
31,oracle_birth,96,21,0,3.9600582680671224,0.76019393566386,2.886751345948129,2.6020824993326657,4.385482466288691,3.729190796763742,0.28125,0.13541666666666666,0.16666666666666666,2,2,0,0.0,0.08401105366647243
32,fixed_broad_birth,96,217,0,5.262553813062445,0.7817539907443721,3.679900360969936,3.679900360969936,5.346702286922307,5.219970908020179,0.5,0.2708333333333333,0.2708333333333333,0,0,0,nan,0.15578499296680093
32,measurement_driven_birth,96,564,0,5.158668983982077,0.7551152359951431,4.389855730355308,2.6020824993326657,5.3446847226344785,5.063098965778449,0.4791666666666667,0.13541666666666666,0.3854166666666667,0,0,0,nan,0.1606282158754766
32,dp_immediate,96,26,0,7.310823760778346,0.568457615976104,6.959705453537527,2.165063509461097,7.198126267256003,7.366525993442325,0.9583333333333334,0.09375,0.96875,9,3,2,3.387021099671664,0.15797528997063637
32,dp_delayed_append,96,65,21,5.878322215193754,0.8369620056930551,4.947642536265799,3.0618621784789726,5.4946859132797625,6.061041284768078,0.5520833333333334,0.1875,0.4895833333333333,21,0,0,0.9715435785495752,0.24429410882294178
32,dp_delayed_recluster,96,64,21,5.5090508920488155,0.8137209172583999,4.5069390943299865,3.0618621784789726,5.4946859132797625,5.516219353323275,0.53125,0.1875,0.40625,9,3,1,2.147443005999653,0.18116738693788648
32,oracle_birth,96,23,0,4.208749648761374,0.7253093174287677,3.38501600193165,2.3935677693908453,4.374856435200102,4.123187601191293,0.3229166666666667,0.11458333333333333,0.22916666666666666,2,2,0,0.0,0.07287635281682014
33,fixed_broad_birth,96,222,0,5.222382769569555,0.8430787578257342,3.5355339059327378,3.75,5.220033726428929,5.223556895001502,0.4895833333333333,0.28125,0.25,0,0,0,nan,0.14147035917267203
33,measurement_driven_birth,96,557,0,5.112882232088478,0.7878650810086235,4.5069390943299865,2.282177322938192,4.5719718813203025,5.362917455734083,0.4895833333333333,0.10416666666666667,0.40625,0,0,0,nan,0.15248487005010247
33,dp_immediate,96,28,0,8.754392564654015,0.277288975744626,8.630131323836657,1.4433756729740645,8.84046208764179,8.711038904894659,1.4479166666666667,0.041666666666666664,1.4895833333333333,13,6,6,14.070508651286797,0.2107583861798048
33,dp_delayed_append,96,87,20,4.895576280747282,1.02469529810023,3.886407938787006,2.7950849718747373,4.910199329417124,4.888248352285192,0.4375,0.15625,0.3020833333333333,20,0,0,0.908244018273882,0.2218039110302925
33,dp_delayed_recluster,96,88,17,4.5936507481716236,0.888328315533009,3.5355339059327378,2.7950849718747373,4.910199329417124,4.426896437343252,0.3854166666666667,0.15625,0.25,7,2,0,2.199634911491627,0.16576390899717808
33,oracle_birth,96,23,0,4.155055453200062,0.7731876567178974,3.38501600193165,2.282177322938192,3.822695786916249,4.311638573570117,0.3333333333333333,0.10416666666666667,0.22916666666666666,2,2,0,0.0,0.07744649285450578
34,fixed_broad_birth,96,232,0,5.163995678041568,0.7906862185249752,3.679900360969936,3.5355339059327378,5.62620769248881,4.916621863102536,0.4791666666666667,0.25,0.2708333333333333,0,0,0,nan,0.1516282269731164
34,measurement_driven_birth,96,531,0,5.2436273892078935,0.6421019105390163,4.677071733467427,2.282177322938192,5.471279010358743,5.126011635831576,0.5208333333333334,0.10416666666666667,0.4375,0,0,0,nan,0.14877462899312377
34,dp_immediate,96,32,0,6.206700404398872,0.708728845632647,5.818433351570392,2.041241452319315,6.148913391135835,6.23539308456996,0.71875,0.08333333333333333,0.6770833333333334,11,8,6,3.937737013484856,0.18040697881951928
34,dp_delayed_append,96,86,17,4.580804884975923,0.819312757266284,3.679900360969936,2.6020824993326657,5.033130789436938,4.336987124668446,0.3645833333333333,0.13541666666666666,0.2708333333333333,17,0,0,0.7199086255482263,0.18895528512075543
34,dp_delayed_recluster,96,88,15,4.407303322917714,0.8211714682096083,3.5355339059327378,2.5,5.033130789436938,4.058359409726206,0.3333333333333333,0.125,0.25,6,2,0,1.4142660035101606,0.14503542287275195
34,oracle_birth,96,27,0,3.805468482479188,0.6473718955457171,2.9755951785595207,2.282177322938192,3.7890104314775126,3.813670873553587,0.28125,0.10416666666666667,0.17708333333333334,2,2,0,0.0,0.07455131178721786
35,fixed_broad_birth,96,235,0,4.901293288342494,0.764967906745884,3.1457643480294792,3.679900360969936,5.05969871531153,4.820138826077958,0.40625,0.2708333333333333,0.19791666666666666,0,0,0,nan,0.16299068182706833
35,measurement_driven_birth,96,605,0,4.554906998488987,0.6593009668459152,3.952847075210474,2.165063509461097,5.0379368812756935,4.293059822255801,0.3854166666666667,0.09375,0.3125,0,0,0,nan,0.17467660689726472
35,dp_immediate,96,28,0,6.97902144765114,0.518883770005005,6.73145600891813,1.7677669529663689,6.759316199484656,7.086320117511914,0.84375,0.0625,0.90625,11,4,3,8.32865563345696,0.21104124234989285
35,dp_delayed_append,96,76,18,4.332280079185064,0.7344957575351088,3.1457643480294792,2.886751345948129,4.893399380678337,4.022474024446155,0.3229166666666667,0.16666666666666666,0.19791666666666666,18,0,0,0.26514950945732463,0.24122385401278734
35,dp_delayed_recluster,96,76,18,4.3265036817992995,0.6996194979817392,3.1457643480294792,2.886751345948129,4.893399380678337,4.013137477525877,0.3229166666666667,0.16666666666666666,0.19791666666666666,8,3,0,0.6043682303955142,0.1781685776077211
35,oracle_birth,96,23,0,3.593288306767396,0.6416547791073479,2.7950849718747373,2.165063509461097,3.799711694040621,3.4854952021789423,0.22916666666666666,0.09375,0.15625,2,2,0,0.0,0.08487536897882819
36,fixed_broad_birth,96,223,0,4.853593462402486,0.8004391492234055,2.9755951785595207,3.75,4.412140060327262,5.059897656222101,0.3958333333333333,0.28125,0.17708333333333334,0,0,0,nan,0.15520855318754911
36,measurement_driven_birth,96,570,0,4.569160167312643,0.7514816262268165,3.8188130791298667,2.3935677693908453,4.407452590557365,4.647904665849907,0.40625,0.11458333333333333,0.2916666666666667,0,0,0,nan,0.1836000899784267
36,dp_immediate,96,34,0,6.6418280035877295,0.6032240290656253,6.208193510729725,2.282177322938192,6.27504071029817,6.817825964771583,0.75,0.10416666666666667,0.7708333333333334,13,8,7,5.692111354572015,0.2299960209056735
36,dp_delayed_append,96,94,16,4.030248703664676,0.7860690894513066,2.886751345948129,2.7003086243366083,4.229988402287189,3.926570511062312,0.3125,0.14583333333333334,0.16666666666666666,16,0,0,0.6824886227534537,0.2211749730631709
36,dp_delayed_recluster,96,94,16,4.0314214905008505,0.7920601202384205,2.886751345948129,2.7003086243366083,4.229988402287189,3.928375988798181,0.3125,0.14583333333333334,0.16666666666666666,6,2,0,1.534921497961985,0.16511373780667782
36,oracle_birth,96,26,0,3.75074120726129,0.725529418549803,2.886751345948129,2.282177322938192,3.8335145030796123,3.7086618453440803,0.2708333333333333,0.10416666666666667,0.16666666666666666,2,2,0,0.0,0.07708573760464787
37,fixed_broad_birth,96,235,0,4.6253224033035,0.7485145296972695,3.1457643480294792,3.307189138830738,5.054841336462136,4.394849318617048,0.3541666666666667,0.21875,0.19791666666666666,0,0,0,nan,0.1528753493912518
37,measurement_driven_birth,96,564,0,4.560793455092164,0.6988110903609949,3.886407938787006,2.282177322938192,5.202879112336898,4.20312739293273,0.3854166666666667,0.10416666666666667,0.3020833333333333,0,0,0,nan,0.1721841231919825
37,dp_immediate,96,39,0,5.952677798366646,0.7338525995278945,5.448623679425842,2.282177322938192,6.289374793763243,5.776975143493225,0.6145833333333334,0.10416666666666667,0.59375,9,7,6,3.797419028907596,0.17374058393761516
37,dp_delayed_append,96,77,17,4.464508070374766,0.8130184358968052,3.38501600193165,2.7950849718747373,5.213831631812746,4.038035205792113,0.34375,0.15625,0.22916666666666666,17,0,0,0.979539084964298,0.1991098071448505
37,dp_delayed_recluster,96,77,17,4.334437814211025,0.7471174597048167,3.227486121839514,2.7950849718747373,5.213831631812746,3.8195558125845057,0.3229166666666667,0.15625,0.20833333333333334,7,3,1,1.2635121416893818,0.14721731701865792
37,oracle_birth,96,21,0,3.6757363010228596,0.7001457143508648,2.886751345948129,2.165063509461097,4.2189365722207555,3.371474919345377,0.2604166666666667,0.09375,0.16666666666666666,2,2,0,0.0,0.0765388929285109
38,fixed_broad_birth,96,211,0,4.842375587415957,0.7293385105253761,3.38501600193165,3.38501600193165,4.191047899899152,5.137164660080356,0.3958333333333333,0.22916666666666666,0.22916666666666666,0,0,0,nan,0.14401410007849336
38,measurement_driven_birth,96,557,0,4.733789007773005,0.7305876881747589,4.08248290463863,2.282177322938192,4.182933462696764,4.986448774277606,0.3958333333333333,0.10416666666666667,0.3333333333333333,0,0,0,nan,0.15901996660977602
38,dp_immediate,96,36,0,7.017273024649194,1.15128364697957,6.692657668420421,1.7677669529663689,6.513262877285586,7.256161822850329,0.8333333333333334,0.0625,0.8958333333333334,13,8,7,5.268644672098078,0.20716395787894726
38,dp_delayed_append,96,60,16,5.420126403501721,0.8555331066669264,4.621056877670591,2.7003086243366083,3.9975093213888746,6.006381186505671,0.4895833333333333,0.14583333333333334,0.4270833333333333,16,0,0,0.6920274897055747,0.20516052236780524
38,dp_delayed_recluster,96,60,16,4.225987330222382,0.8194320686915385,3.0618621784789726,2.7950849718747373,3.9975093213888746,4.3357136650734525,0.28125,0.15625,0.1875,6,2,0,1.0373213100610166,0.1458749300800264
38,oracle_birth,96,20,0,3.6729119734131475,0.6851635068422185,2.886751345948129,2.165063509461097,3.1150389885959497,3.9222046856871264,0.23958333333333334,0.09375,0.16666666666666666,2,2,0,0.0,0.07474566530436277
39,fixed_broad_birth,96,233,0,5.104063496838836,0.72844412718434,3.5355339059327378,3.608439182435161,4.3788515147302185,5.4304719846083795,0.4479166666666667,0.2604166666666667,0.25,0,0,0,nan,0.14682352170348167
39,measurement_driven_birth,96,549,0,5.290213824075288,0.618219732595633,4.564354645876384,2.6020824993326657,4.866018837981199,5.490034042778057,0.53125,0.13541666666666666,0.4166666666666667,0,0,0,nan,0.1576432390138507
39,dp_immediate,96,31,0,7.3414019562846216,0.500349228445838,7.034142923389221,2.041241452319315,6.633161130557124,7.6710403944733985,0.90625,0.08333333333333333,0.9895833333333334,9,6,5,9.059047668763055,0.15770729584619403
39,dp_delayed_append,96,99,15,4.584189448657844,0.8380291768106298,3.5355339059327378,2.7950849718747373,4.717622364312008,4.515994792473797,0.3854166666666667,0.15625,0.25,15,0,0,0.3219642195439801,0.17592227784916759
39,dp_delayed_recluster,96,100,15,4.627831522876562,0.763866003168528,3.5355339059327378,2.886751345948129,4.717622364312008,4.582276346977186,0.375,0.16666666666666666,0.25,6,3,0,0.7090836362569748,0.1519294623285532
39,oracle_birth,96,23,0,3.8755388042166787,0.6606570136280333,3.0618621784789726,2.282177322938192,3.994841713683457,3.8144883504594924,0.2916666666666667,0.10416666666666667,0.1875,2,2,0,0.0,0.0792476530186832
40,fixed_broad_birth,96,227,0,4.919407585033145,0.873539345239607,3.38501600193165,3.4610932762158644,5.0663944967589964,4.844241930697469,0.3854166666666667,0.23958333333333334,0.22916666666666666,0,0,0,nan,0.16034307517111301
40,measurement_driven_birth,96,577,0,5.219197734195846,0.8231190610325138,4.564354645876384,2.3935677693908453,5.206783478100601,5.225393802292979,0.5104166666666666,0.11458333333333333,0.4166666666666667,0,0,0,nan,0.17913402616977692
40,dp_immediate,96,32,0,5.357290274598827,0.7586561054332711,4.841229182759271,2.165063509461097,4.743341342418199,5.639254834117708,0.5208333333333334,0.09375,0.46875,10,6,4,1.0278264604092606,0.1980576179921627
40,dp_delayed_append,96,96,15,4.767097789151391,0.9220744716844098,3.75,2.7950849718747373,4.753214174300304,4.77402445569914,0.4375,0.15625,0.28125,15,0,0,0.5754983259496675,0.20600189315155149
40,dp_delayed_recluster,96,95,15,4.651837725302357,0.8979203133980639,3.608439182435161,2.7950849718747373,4.753214174300304,4.600311819913369,0.4166666666666667,0.15625,0.2604166666666667,7,2,0,1.4008831383225462,0.15329522266983986
40,oracle_birth,96,21,0,4.390217600830077,0.7238857524763135,3.679900360969936,2.282177322938192,3.6172930825861753,4.729546622171559,0.3541666666666667,0.10416666666666667,0.2708333333333333,2,2,0,0.0,0.07543218182399869
41,fixed_broad_birth,96,221,0,5.115558445766913,1.0811744595842063,3.75,3.307189138830738,4.744929425982282,5.291146349262088,0.3958333333333333,0.21875,0.28125,0,0,0,nan,0.14825406204909086
41,measurement_driven_birth,96,560,0,5.588308568750874,0.7071251607090281,4.841229182759271,2.7003086243366083,5.194445185511354,5.775176066296214,0.59375,0.14583333333333334,0.46875,0,0,0,nan,0.1576223880983889
41,dp_immediate,96,37,0,7.137317253994657,1.2091860557842913,6.7700320038633,1.9094065395649333,6.648372564672897,7.369634827921064,0.84375,0.07291666666666667,0.9166666666666666,12,8,7,4.2285405943712835,0.2104454915970564
41,dp_delayed_append,96,86,22,5.6197122523174325,1.1716793356176176,4.841229182759271,2.6020824993326657,4.929828586268171,5.934656161335431,0.4791666666666667,0.13541666666666666,0.46875,22,0,0,0.5851037022989972,0.23081281408667564
41,dp_delayed_recluster,96,86,22,5.624321271611096,1.1935897255605559,4.841229182759271,2.6020824993326657,4.929828586268171,5.941201873733307,0.4791666666666667,0.13541666666666666,0.46875,11,3,2,0.8530410752094145,0.18005611887201667
41,oracle_birth,96,20,0,4.270065583935335,0.7246563032056563,3.4610932762158644,2.3935677693908453,4.0081034293684255,4.3951955117384784,0.3333333333333333,0.11458333333333333,0.23958333333333334,2,2,0,0.0,0.07115978142246604
42,fixed_broad_birth,96,228,0,5.527263917727484,0.9290567346573463,3.5355339059327378,4.14578098794425,5.250936221293473,5.660371368052839,0.5104166666666666,0.34375,0.25,0,0,0,nan,0.17220130935311317
42,measurement_driven_birth,96,594,0,5.176453739639987,0.8683355641491003,4.389855730355308,2.6020824993326657,4.941927515445362,5.28981910787044,0.4375,0.13541666666666666,0.3854166666666667,0,0,0,nan,0.18900213716551661
42,dp_immediate,96,35,0,7.286452946265286,0.6987344785191342,6.846531968814577,2.3935677693908453,7.09415114430064,7.380725206788021,0.8645833333333334,0.11458333333333333,0.9375,11,8,7,8.269362448681001,0.21745154028758407
42,dp_delayed_append,96,83,19,4.98439813477498,1.1860542845706075,3.8188130791298667,2.9755951785595207,5.2495184133075785,4.846402311312463,0.40625,0.17708333333333334,0.2916666666666667,19,0,0,1.3754261329892652,0.24214480491355062
42,dp_delayed_recluster,96,84,19,5.032136387617092,1.1679312009903078,3.886407938787006,2.9755951785595207,5.2495184133075785,4.919844829823633,0.4166666666666667,0.17708333333333334,0.3020833333333333,8,3,0,1.7516571336830404,0.186840932816267
42,oracle_birth,96,23,0,4.157034744325183,0.7837545526885809,3.38501600193165,2.282177322938192,4.014017227608857,4.226729190109034,0.2916666666666667,0.10416666666666667,0.22916666666666666,2,2,0,0.0,0.07978252973407507
43,fixed_broad_birth,96,211,0,4.710582402755148,0.9140130778494319,3.0618621784789726,3.4610932762158644,4.2193336927703795,4.937913674239964,0.3854166666666667,0.23958333333333334,0.1875,0,0,0,nan,0.14717158768326044
43,measurement_driven_birth,96,546,0,4.451522292132586,0.7383883693694134,3.75,2.282177322938192,3.818674498207629,4.736342324452424,0.3854166666666667,0.10416666666666667,0.28125,0,0,0,nan,0.16230283491313457
43,dp_immediate,96,32,0,7.08860626739228,0.4983360453680935,6.692657668420421,2.282177322938192,6.637431970373779,7.303749491904805,0.7916666666666666,0.10416666666666667,0.8958333333333334,11,4,3,8.464081028119274,0.1960370480082929
43,dp_delayed_append,96,81,19,4.194931914163524,0.9647730809889856,3.1457643480294792,2.6020824993326657,3.610669178318829,4.4584430790434775,0.3125,0.13541666666666666,0.19791666666666666,19,0,0,0.7076459118519758,0.21256627514958382
43,dp_delayed_recluster,96,79,17,4.051863241339004,0.8902784544816407,2.9755951785595207,2.6020824993326657,3.610669178318829,4.2553410711881305,0.3125,0.13541666666666666,0.17708333333333334,8,2,0,1.1232120057594943,0.17380757490172982
43,oracle_birth,96,27,0,3.739856917630784,0.6669805826890058,2.7950849718747373,2.3935677693908453,3.1268262089420027,4.011392972031404,0.2708333333333333,0.11458333333333333,0.15625,2,2,0,0.0,0.08067430602386594
44,fixed_broad_birth,96,221,0,4.901121656362255,0.7638674560832502,3.307189138830738,3.5355339059327378,4.207048728898823,5.213622611201355,0.4479166666666667,0.25,0.21875,0,0,0,nan,0.1555455820634961
44,measurement_driven_birth,96,544,0,4.887716238314962,0.6725102425151298,4.330127018922194,2.165063509461097,4.378599092001709,5.1233377826562,0.46875,0.09375,0.375,0,0,0,nan,0.1668998347595334
44,dp_immediate,96,34,0,6.908440151536829,0.5750756420097093,6.73145600891813,1.4433756729740645,6.3975115820789705,7.150226623655507,0.8645833333333334,0.041666666666666664,0.90625,11,7,6,9.431164356342158,0.20187966991215944
44,dp_delayed_append,96,83,16,4.237872253617012,0.8786701531160221,3.4610932762158644,2.282177322938192,3.858222350150846,4.415473021700352,0.34375,0.10416666666666667,0.23958333333333334,16,0,0,0.614231114243292,0.20679620234295726
44,dp_delayed_recluster,96,78,17,4.126531969537546,0.9393789236948453,3.307189138830738,2.282177322938192,3.858222350150846,4.254345929966364,0.3229166666666667,0.10416666666666667,0.21875,5,2,0,1.2893397741309787,0.14426811411976814
44,oracle_birth,96,25,0,3.5255095890077763,0.6708585510516448,2.9755951785595207,1.7677669529663689,3.126349402267695,3.7090155703028374,0.23958333333333334,0.0625,0.17708333333333334,2,2,0,0.0,0.07755046989768744
45,fixed_broad_birth,96,216,0,4.420484499088144,0.8892036924566616,3.307189138830738,2.7950849718747373,3.6631192390572225,4.754135413536541,0.3125,0.15625,0.21875,0,0,0,nan,0.13906688103452325
45,measurement_driven_birth,96,513,0,4.355074555503561,0.8587826950561293,3.886407938787006,1.7677669529663689,4.053124725286873,4.498455463448083,0.3645833333333333,0.0625,0.3020833333333333,0,0,0,nan,0.14765758207067847
45,dp_immediate,96,31,0,7.268627865828325,0.47831410728658275,7.144345083117603,1.25,7.614818840011212,7.0891955534284135,0.9895833333333334,0.03125,1.0208333333333333,14,8,7,6.046762153613175,0.20283684507012367
45,dp_delayed_append,96,95,13,3.6286529429758243,0.816775477452105,2.7950849718747373,2.165063509461097,3.445955233790797,3.716635512692303,0.25,0.09375,0.15625,13,0,0,0.7161842076736606,0.17471212102100253
45,dp_delayed_recluster,96,95,13,3.6270343327471957,0.8095542297628338,2.7950849718747373,2.165063509461097,3.445955233790797,3.714264845126859,0.25,0.09375,0.15625,4,3,0,1.1152342911279063,0.12815769901499152
45,oracle_birth,96,19,0,3.465483935864304,0.742459141232847,2.886751345948129,1.7677669529663689,3.1686358928582115,3.6047526480808147,0.22916666666666666,0.0625,0.16666666666666666,2,2,0,0.0,0.0703766793012619
46,fixed_broad_birth,96,223,0,4.829341862879902,1.203138740363853,3.0618621784789726,3.5355339059327378,4.619986465373997,4.930687251563114,0.4375,0.25,0.1875,0,0,0,nan,0.15819639386609197
46,measurement_driven_birth,96,560,0,4.910813763585295,0.8237668484582084,4.14578098794425,2.5,4.259806401371284,5.205877682230565,0.40625,0.125,0.34375,0,0,0,nan,0.17431255616247654
46,dp_immediate,96,33,0,6.629582726711271,0.849823783876272,6.2915286960589585,1.9094065395649333,6.758250654068255,6.564303066118724,0.7604166666666666,0.07291666666666667,0.7916666666666666,11,7,6,4.531721700060816,0.18736732797697186
46,dp_delayed_append,96,78,15,3.905257323421862,0.8171299950477577,2.886751345948129,2.5,3.8439581100146833,3.935548902940515,0.2708333333333333,0.125,0.16666666666666666,15,0,0,0.47642449529142544,0.1907042758539319
46,dp_delayed_recluster,96,81,14,3.962699072418088,0.7738328449196965,2.9755951785595207,2.5,3.8439581100146833,4.020754771437937,0.28125,0.125,0.17708333333333334,4,2,0,1.0079019852943332,0.1350317490287125
46,oracle_birth,96,19,0,3.5428036650500587,0.7564992679609567,2.6020824993326657,2.282177322938192,3.3952186531887927,3.6143369879076905,0.21875,0.10416666666666667,0.13541666666666666,2,2,0,0.0,0.07592192105948925
47,fixed_broad_birth,96,246,0,4.3255490754400725,1.234048136840889,2.7003086243366083,3.1457643480294792,3.71899434503828,4.598924084701481,0.28125,0.19791666666666666,0.14583333333333334,0,0,0,nan,0.17179455514997244
47,measurement_driven_birth,96,612,0,4.577925949648676,0.803060396524899,3.679900360969936,2.6020824993326657,4.385928000102122,4.670966365717077,0.3645833333333333,0.13541666666666666,0.2708333333333333,0,0,0,nan,0.18893011659383774
47,dp_immediate,96,27,0,7.058883809724346,0.5904862170464545,6.73145600891813,2.041241452319315,6.40893442771531,7.3623733068491894,0.8229166666666666,0.08333333333333333,0.90625,11,6,5,8.611252135742138,0.20550388097763062
47,dp_delayed_append,96,109,13,3.99195428728727,0.911883964726078,2.7950849718747373,2.7003086243366083,3.637002467187216,4.158083100964179,0.23958333333333334,0.14583333333333334,0.15625,13,0,0,1.0193016068525456,0.20459814416244626
47,dp_delayed_recluster,96,109,13,4.119236667463214,0.9067951197707835,2.9755951785595207,2.7003086243366083,3.637002467187216,4.3403078935367265,0.2604166666666667,0.14583333333333334,0.17708333333333334,3,2,0,1.5719362418284324,0.14310551900416613
47,oracle_birth,96,22,0,3.8311332621805825,0.7842716828921147,2.7003086243366083,2.6020824993326657,3.610216341550647,3.936945782263197,0.23958333333333334,0.13541666666666666,0.14583333333333334,2,2,0,0.0,0.08394499495625496
48,fixed_broad_birth,96,217,0,5.022543022115896,0.8641595583793638,3.1457643480294792,3.8188130791298667,4.58564630562893,5.227315907169137,0.4479166666666667,0.2916666666666667,0.19791666666666666,0,0,0,nan,0.13889419101178646
48,measurement_driven_birth,96,533,0,4.75080980156812,0.8337828078556921,3.952847075210474,2.5,4.400901358029457,4.9164341015069875,0.4166666666666667,0.125,0.3125,0,0,0,nan,0.15818135207518935
48,dp_immediate,96,37,0,6.991539735596232,1.2189317212574715,6.574889099191458,2.041241452319315,6.644350200488192,7.1588230190631075,0.8020833333333334,0.08333333333333333,0.8645833333333334,13,9,8,4.810295569401108,0.21753578772768378
48,dp_delayed_append,96,74,18,5.233856622420538,0.9114577028339375,4.330127018922194,2.7950849718747373,4.581450975450598,5.531277989384945,0.46875,0.15625,0.375,18,0,0,0.8531555002789227,0.2048604297451675
48,dp_delayed_recluster,96,75,18,4.36021137306069,0.8844639908448089,2.9755951785595207,3.0618621784789726,4.581450975450598,4.245270109948608,0.3645833333333333,0.1875,0.17708333333333334,8,2,0,1.1686623391827826,0.15510783111676574
48,oracle_birth,96,18,0,3.757418825535202,0.7592954390878879,2.7950849718747373,2.3935677693908453,3.152219705474155,4.026046424215662,0.2708333333333333,0.11458333333333333,0.15625,2,2,0,0.0,0.07250959798693657
49,fixed_broad_birth,96,236,0,5.174277039585021,0.8552638281314455,3.5355339059327378,3.679900360969936,4.9202659389111645,5.296716517689086,0.5208333333333334,0.2708333333333333,0.25,0,0,0,nan,0.15815592277795076
49,measurement_driven_birth,96,568,0,4.743894521467803,0.7934325622333824,3.952847075210474,2.5,4.746371465179389,4.742655564500102,0.3958333333333333,0.125,0.3125,0,0,0,nan,0.1744176149368286
49,dp_immediate,96,36,0,6.3003986719711165,0.7953134135517944,5.863019699779287,2.165063509461097,5.753768129073695,6.556646345281329,0.6979166666666666,0.09375,0.6875,11,6,5,3.8237667299966738,0.205308485776186
49,dp_delayed_append,96,110,17,4.5370125270897805,0.8904021587479042,3.5355339059327378,2.7003086243366083,4.4054058126514795,4.601404548546309,0.3958333333333333,0.14583333333333334,0.25,17,0,0,0.5205517071962058,0.21293773502111435
49,dp_delayed_recluster,96,109,16,4.574254570985205,0.7818598852601634,3.608439182435161,2.7003086243366083,4.4054058126514795,4.656383482188385,0.3854166666666667,0.14583333333333334,0.2604166666666667,6,3,0,0.9866212304371665,0.1497889100573957
49,oracle_birth,96,24,0,3.7611653342180422,0.7776233051142762,2.886751345948129,2.282177322938192,3.4014669813711227,3.9286840283110434,0.2708333333333333,0.10416666666666667,0.16666666666666666,2,2,0,0.0,0.0728685213252902
50,fixed_broad_birth,96,227,0,4.75607038693702,0.863252874596578,3.1457643480294792,3.4610932762158644,4.612134166998431,4.826429063091234,0.3958333333333333,0.23958333333333334,0.19791666666666666,0,0,0,nan,0.14200180163607
50,measurement_driven_birth,96,538,0,4.736472072154743,0.7477751602599811,3.952847075210474,2.5,4.897793775528861,4.65371460251358,0.4166666666666667,0.125,0.3125,0,0,0,nan,0.1550043341703713
50,dp_immediate,96,34,0,6.606043435485259,0.6408144855191822,6.25,2.041241452319315,6.895921784434694,6.45622538165733,0.7395833333333334,0.08333333333333333,0.78125,13,7,6,3.9706432995601206,0.20754094701260328
50,dp_delayed_append,96,75,20,4.5914235211587915,0.8767382452306913,3.38501600193165,2.9755951785595207,4.608072866387988,4.5830761672707,0.34375,0.17708333333333334,0.22916666666666666,20,0,0,0.5248812621432719,0.2133069126866758
50,dp_delayed_recluster,96,74,19,4.698558482273955,0.8498736051212915,3.5355339059327378,2.9755951785595207,4.608072866387988,4.743154008257816,0.34375,0.17708333333333334,0.25,8,3,1,1.339432602973289,0.1524209026247263
50,oracle_birth,96,22,0,3.8802679202961747,0.6878559441818234,2.9755951785595207,2.3935677693908453,3.824971515674558,3.907622698273023,0.2708333333333333,0.11458333333333333,0.17708333333333334,2,2,0,0.0,0.07322320714592934
51,fixed_broad_birth,96,222,0,5.214010676175008,0.7895614803591625,3.38501600193165,3.886407938787006,5.3678734797371765,5.135350830242037,0.4270833333333333,0.3020833333333333,0.22916666666666666,0,0,0,nan,0.15716845216229558
51,measurement_driven_birth,96,577,0,4.7343141307042,0.7339824849309828,3.8188130791298667,2.7003086243366083,4.726645660263233,4.738143711775273,0.3958333333333333,0.14583333333333334,0.2916666666666667,0,0,0,nan,0.16944345459342003
51,dp_immediate,96,31,0,7.0978961723335,0.6165468945883671,6.73145600891813,2.165063509461097,6.870911440518724,7.208708837102127,0.8541666666666666,0.09375,0.90625,11,7,5,4.795392027809937,0.20643921429291368
51,dp_delayed_append,96,72,24,5.19615538254048,0.9789607207839047,3.886407938787006,3.307189138830738,5.379091668399358,5.102228194694444,0.4583333333333333,0.21875,0.3020833333333333,24,0,0,0.8675118337794402,0.2669463101774454
51,dp_delayed_recluster,96,70,23,5.080106374143437,0.8985993393124523,3.75,3.307189138830738,5.379091668399358,4.9238102695369435,0.4375,0.21875,0.28125,10,3,1,0.9163457839184896,0.1903359997086227
51,oracle_birth,96,25,0,3.81025714518273,0.6749514889353502,2.886751345948129,2.3935677693908453,4.006104167126916,3.708457087481025,0.28125,0.11458333333333333,0.16666666666666666,2,2,0,0.0,0.0713043287396431
52,fixed_broad_birth,96,215,0,4.392644656582469,0.738462645637891,3.1457643480294792,2.9755951785595207,5.078051259086379,4.006206225788856,0.3333333333333333,0.17708333333333334,0.19791666666666666,0,0,0,nan,0.14956335863098502
52,measurement_driven_birth,96,582,0,4.99404903085584,0.6792341686969896,4.14578098794425,2.7003086243366083,5.5181538166245065,4.710178108301684,0.4895833333333333,0.14583333333333334,0.34375,0,0,0,nan,0.17010706709697843
52,dp_immediate,96,27,0,7.3436516399211555,0.5323401874584966,7.107800878846659,1.7677669529663689,6.774082633831578,7.61247209175743,0.96875,0.0625,1.0104166666666667,10,6,5,8.653489403407912,0.18151961779221892
52,dp_delayed_append,96,75,17,4.169217628697892,0.8459958444215906,3.227486121839514,2.5,4.5925973682513925,3.940506079139213,0.3125,0.125,0.20833333333333334,17,0,0,0.6169112871650702,0.19719679793342948
52,dp_delayed_recluster,96,73,16,3.966212819838686,0.7916296265211847,2.9755951785595207,2.5,4.5925973682513925,3.6125186373144564,0.28125,0.125,0.17708333333333334,5,2,0,1.3725849777222257,0.14373816410079598
52,oracle_birth,96,22,0,3.5238015812906918,0.6618239325078178,2.6020824993326657,2.282177322938192,3.8410858272553194,3.35392251107406,0.23958333333333334,0.10416666666666667,0.13541666666666666,2,2,0,0.0,0.07929787924513221
53,fixed_broad_birth,96,237,0,4.871595695407087,0.9032042697209701,3.1457643480294792,3.608439182435161,4.579737649710707,5.011154403844928,0.375,0.2604166666666667,0.19791666666666666,0,0,0,nan,0.1591583858244121
53,measurement_driven_birth,96,587,0,4.96075764508499,0.8067112742089617,4.14578098794425,2.6020824993326657,5.191593426754005,4.841214048722291,0.4375,0.13541666666666666,0.34375,0,0,0,nan,0.16314394399523735
53,dp_immediate,96,34,0,7.103060387251225,0.6733994839153883,6.7700320038633,2.041241452319315,6.779972011854017,7.259214148697113,0.8333333333333334,0.08333333333333333,0.9166666666666666,11,7,6,9.46553419996595,0.19855939596891403
53,dp_delayed_append,96,80,18,5.5659589381421775,0.8783880507790756,4.7871355387816905,2.7003086243366083,5.374281052054534,5.659363916412427,0.5208333333333334,0.14583333333333334,0.4583333333333333,18,0,0,1.2650365801796588,0.2317837500013411
53,dp_delayed_recluster,96,93,15,4.86651030249194,0.8753604158251173,4.018187817080398,2.6020824993326657,4.748978589122455,4.924224300985744,0.3958333333333333,0.13541666666666666,0.3229166666666667,4,2,0,1.0282038055762355,0.14516126178205013
53,oracle_birth,96,21,0,4.012174665090105,0.6874194812419084,2.886751345948129,2.7003086243366083,4.370857024534175,3.8202254842255683,0.2708333333333333,0.14583333333333334,0.16666666666666666,2,2,0,0.0,0.0774650420062244
54,fixed_broad_birth,96,254,0,5.2905729252933105,1.194848056384834,2.886751345948129,4.269562819149833,4.816697545118004,5.51225500101338,0.4895833333333333,0.3645833333333333,0.16666666666666666,0,0,0,nan,0.17480635223910213
54,measurement_driven_birth,96,598,0,4.341144844196223,0.7850935559694684,3.679900360969936,2.165063509461097,4.02042058169412,4.492929669000209,0.3645833333333333,0.09375,0.2708333333333333,0,0,0,nan,0.1842517340555787
54,dp_immediate,96,32,0,7.13282503351288,0.59695864628522,6.7700320038633,2.165063509461097,6.633243428037206,7.369927425033617,0.84375,0.09375,0.9166666666666666,14,8,7,5.617880341115796,0.22812722902745008
54,dp_delayed_append,96,87,18,4.270541327507646,1.253338167967487,2.9755951785595207,2.7950849718747373,4.470921692236408,4.166739067408843,0.3125,0.15625,0.17708333333333334,18,0,0,0.6924936899486341,0.23389122216030955
54,dp_delayed_recluster,96,87,17,4.195817271129103,1.20791110574079,2.886751345948129,2.7950849718747373,4.470921692236408,4.051265662728484,0.3020833333333333,0.15625,0.16666666666666666,7,2,0,1.291149203869361,0.19078845297917724
54,oracle_birth,96,23,0,3.751952389018332,0.731765032502717,2.9755951785595207,2.165063509461097,3.377016783110387,3.9260156542589,0.2708333333333333,0.09375,0.17708333333333334,2,2,0,0.0,0.08426186302676797
55,fixed_broad_birth,96,220,0,5.113500293814054,0.7918661007412076,3.75,3.38501600193165,4.721764942092684,5.298518264389287,0.4270833333333333,0.22916666666666666,0.28125,0,0,0,nan,0.15691109420731664
55,measurement_driven_birth,96,568,0,5.056095976434807,0.7510702516544255,4.389855730355308,2.3935677693908453,5.036312868119966,5.065958559994839,0.4583333333333333,0.11458333333333333,0.3854166666666667,0,0,0,nan,0.17746998416259885
55,dp_immediate,96,25,0,7.337330554830381,0.4365619515191161,7.180703308172536,1.4433756729740645,7.7095449599325026,7.143954630431309,0.9895833333333334,0.041666666666666664,1.03125,10,4,3,4.3497334876672475,0.19665934704244137
55,dp_delayed_append,96,77,15,4.640973428577497,0.8398220236627711,4.08248290463863,2.041241452319315,4.734705990330469,4.59338993987098,0.375,0.08333333333333333,0.3333333333333333,15,0,0,1.1035494056968282,0.19426819682121277
55,dp_delayed_recluster,96,76,15,4.409818195621624,0.8345636694917619,3.8188130791298667,2.041241452319315,4.734705990330469,4.238044875908904,0.3541666666666667,0.08333333333333333,0.2916666666666667,4,2,0,1.6373394331276878,0.1326155113056302
55,oracle_birth,96,23,0,3.8139044322744904,0.6952460129500937,3.1457643480294792,2.041241452319315,4.002914529889336,3.71579576416478,0.28125,0.08333333333333333,0.19791666666666666,2,2,0,0.0,0.07492347387596965
56,fixed_broad_birth,96,243,0,4.709803445631733,0.9099900163286867,3.38501600193165,3.1457643480294792,3.62650567426885,5.166972134816942,0.4270833333333333,0.19791666666666666,0.22916666666666666,0,0,0,nan,0.1702150497585535
56,measurement_driven_birth,96,592,0,5.36597152220376,0.8177104482038472,4.564354645876384,2.7003086243366083,4.218044364660175,5.856152869805558,0.5208333333333334,0.14583333333333334,0.4166666666666667,0,0,0,nan,0.18069539405405521
56,dp_immediate,96,41,0,7.018025789346795,0.9028765031479716,6.692657668420421,1.9094065395649333,6.52337307921393,7.252711962059333,0.8645833333333334,0.07291666666666667,0.8958333333333334,13,10,9,3.6126555361357338,0.22504719905555248
56,dp_delayed_append,96,102,18,4.599351112292651,0.9173497992301769,3.75,2.5,3.6354931566224487,5.012249069559208,0.3854166666666667,0.125,0.28125,18,0,0,0.33924884372813485,0.23961034696549177
56,dp_delayed_recluster,96,101,17,4.3575424159946765,0.871211363864163,3.38501600193165,2.6020824993326657,3.6354931566224487,4.6769497126722195,0.34375,0.13541666666666666,0.22916666666666666,7,2,0,0.9621592415847444,0.1732115549966693
56,oracle_birth,96,22,0,3.694329601319817,0.7919835035242234,2.886751345948129,2.165063509461097,2.8793598838298538,4.040637342607899,0.2604166666666667,0.09375,0.16666666666666666,2,2,0,0.0,0.08255944261327386
57,fixed_broad_birth,96,227,0,4.821864134563537,1.172763289069948,2.9755951785595207,3.608439182435161,4.405034405070776,5.017309691792667,0.3541666666666667,0.2604166666666667,0.17708333333333334,0,0,0,nan,0.15082755777984858
57,measurement_driven_birth,96,569,0,4.623755296725135,0.7387690509627546,3.75,2.6020824993326657,4.025891933676772,4.895382174577258,0.375,0.13541666666666666,0.28125,0,0,0,nan,0.16418298333883286
57,dp_immediate,96,34,0,6.907971722709158,0.5694207481432311,6.692657668420421,1.613743060919757,6.401615377056192,7.1477108408736605,0.8645833333333334,0.052083333333333336,0.8958333333333334,15,8,7,5.850843781269807,0.23267788020893931
57,dp_delayed_append,96,88,15,4.091160698847845,0.7692610288217232,2.886751345948129,2.7950849718747373,4.22641501904994,4.021828171251269,0.3020833333333333,0.15625,0.16666666666666666,15,0,0,0.7648872722914473,0.20106509933248162
57,dp_delayed_recluster,96,88,15,4.089258908943515,0.7590817420018565,2.886751345948129,2.7950849718747373,4.22641501904994,4.0189259361097225,0.3020833333333333,0.15625,0.16666666666666666,5,2,0,1.2317454371708414,0.14939806004986167
57,oracle_birth,96,25,0,3.5932868828339086,0.6416468049840407,2.7950849718747373,2.165063509461097,3.1443928333953273,3.797889254331331,0.25,0.09375,0.15625,2,2,0,0.0,0.07380615686997771
58,fixed_broad_birth,96,246,0,5.347831916906273,0.6886989265865203,3.1457643480294792,4.269562819149833,5.047933457001138,5.491643035018428,0.5,0.3645833333333333,0.19791666666666666,0,0,0,nan,0.18043545121327043
58,measurement_driven_birth,96,594,0,4.773924092295158,0.6281066037408078,3.886407938787006,2.7003086243366083,4.381223635836746,4.958625473343085,0.4270833333333333,0.14583333333333334,0.3020833333333333,0,0,0,nan,0.18460066011175513
58,dp_immediate,96,32,0,7.2696594830261505,0.4937431847482727,6.7700320038633,2.6020824993326657,6.515350550032633,7.618859960901157,0.8020833333333334,0.13541666666666666,0.9166666666666666,13,8,7,6.284308260989864,0.2198144388385117
58,dp_delayed_append,96,79,16,4.339146451655416,0.773967222979833,3.0618621784789726,2.9755951785595207,4.391540407479536,4.312710785353906,0.3645833333333333,0.17708333333333334,0.1875,16,0,0,0.6886846459184158,0.2250754707492888
58,dp_delayed_recluster,96,79,16,4.272802500775297,0.7406131765627016,2.9755951785595207,2.9755951785595207,4.391540407479536,4.2121785622982175,0.3541666666666667,0.17708333333333334,0.17708333333333334,6,2,0,1.4319630408602444,0.1613206909969449
58,oracle_birth,96,19,0,3.998730522421023,0.6040246608719746,2.886751345948129,2.7003086243366083,4.188562039900724,3.9003516130425466,0.3125,0.14583333333333334,0.16666666666666666,2,2,0,0.0,0.08076421171426773
59,fixed_broad_birth,96,242,0,5.030027828924919,0.9066494874495149,2.886751345948129,4.018187817080398,5.062805855146354,5.013558454449953,0.4479166666666667,0.3229166666666667,0.16666666666666666,0,0,0,nan,0.16246160306036472
59,measurement_driven_birth,96,566,0,4.465682112830187,0.819440906666342,3.608439182435161,2.5,4.216516478083964,4.585190235344705,0.3854166666666667,0.125,0.2604166666666667,0,0,0,nan,0.1782548096962273
59,dp_immediate,96,30,0,6.868995933576663,0.5550721894427166,6.614378277661476,1.7677669529663689,6.392603881289888,7.09520722119501,0.8125,0.0625,0.875,13,5,4,4.624674259346645,0.22318165190517902
59,dp_delayed_append,96,73,18,4.121442335048107,0.9167625580233193,2.7950849718747373,2.886751345948129,4.242528848586245,4.05954490874863,0.3229166666666667,0.16666666666666666,0.15625,18,0,0,0.6731239896761803,0.2274736720137298
59,dp_delayed_recluster,96,74,18,3.985191482216967,0.8818075091923409,2.6020824993326657,2.886751345948129,4.242528848586245,3.8500780783457804,0.3020833333333333,0.16666666666666666,0.13541666666666666,8,2,0,1.1803421926702302,0.1639590049162507
59,oracle_birth,96,15,0,3.532859641741256,0.7084705933046814,2.6020824993326657,2.282177322938192,3.3876205085822524,3.6032845457003106,0.23958333333333334,0.10416666666666667,0.13541666666666666,2,2,0,0.0,0.07204084098339081
60,fixed_broad_birth,96,230,0,4.8545226023778225,0.8060539872306793,3.0618621784789726,3.679900360969936,5.343957842391301,4.5902768799788065,0.375,0.2708333333333333,0.1875,0,0,0,nan,0.14601556258276105
60,measurement_driven_birth,96,550,0,4.844098469520004,0.7406911068315669,4.018187817080398,2.6020824993326657,5.188156705343654,4.66255830784001,0.4166666666666667,0.13541666666666666,0.3229166666666667,0,0,0,nan,0.15446954732760787
60,dp_immediate,96,38,0,9.242113755341181,0.0,9.185586535436919,1.0206207261596576,8.926785535678562,9.395810236483067,1.6666666666666667,0.020833333333333332,1.6875,13,10,10,11.028130224941295,0.218873486854136
60,dp_delayed_append,96,81,16,4.574868022679181,0.7854409111655141,3.307189138830738,3.0618621784789726,5.343928630505751,4.137068954396245,0.34375,0.1875,0.21875,16,0,0,0.5802171819357974,0.20518512977287173
60,dp_delayed_recluster,96,85,17,4.696953378407431,0.8409544412548824,3.38501600193165,3.1457643480294792,5.488058545687595,4.2464883442618975,0.3645833333333333,0.19791666666666666,0.22916666666666666,5,2,0,1.716855510084586,0.14753502700477839
60,oracle_birth,96,25,0,3.886249485115508,0.7208340497140932,2.886751345948129,2.5,4.184387359985335,3.728250769682521,0.2916666666666667,0.125,0.16666666666666666,2,2,0,0.0,0.07737800991162658
61,fixed_broad_birth,96,238,0,4.687154411301724,0.7843786131190379,2.9755951785595207,3.5355339059327378,4.777263066562339,4.641444118968526,0.3645833333333333,0.25,0.17708333333333334,0,0,0,nan,0.16203570971265435
61,measurement_driven_birth,96,569,0,4.836469636381323,0.6890369198902371,3.886407938787006,2.7950849718747373,4.742281444137074,4.882882465076784,0.3958333333333333,0.15625,0.3020833333333333,0,0,0,nan,0.15955380303785205
61,dp_immediate,96,28,0,6.91198764455053,0.6162303668968766,6.653633092779714,1.7677669529663689,6.555064207291411,7.083708521443573,0.8229166666666666,0.0625,0.8854166666666666,12,3,2,8.628077287192143,0.21820803312584758
61,dp_delayed_append,96,75,18,4.291136400544293,1.1074076070156957,2.886751345948129,2.9755951785595207,4.768627055549117,4.031237454511558,0.3229166666666667,0.17708333333333334,0.16666666666666666,18,0,0,0.467806844146617,0.22659128019586205
61,dp_delayed_recluster,96,75,17,4.250585406816121,0.9380705200773386,2.886751345948129,2.9755951785595207,4.768627055549117,3.966271858244179,0.3229166666666667,0.17708333333333334,0.16666666666666666,6,2,0,1.3089073420428834,0.16498173773288727
61,oracle_birth,96,23,0,3.7335392696891483,0.6305940149131695,2.7003086243366083,2.5,3.810093834217802,3.694667198097037,0.25,0.125,0.14583333333333334,2,2,0,0.0,0.07801433093845844
62,fixed_broad_birth,96,218,0,4.6473020001543635,0.8741181540875438,2.9755951785595207,3.4610932762158644,4.004815634075159,4.937291736315742,0.3958333333333333,0.23958333333333334,0.17708333333333334,0,0,0,nan,0.14012652076780796
62,measurement_driven_birth,96,526,0,4.746577417454411,0.8093189605391545,4.08248290463863,2.282177322938192,3.9951052665050515,5.080803354254528,0.4166666666666667,0.10416666666666667,0.3333333333333333,0,0,0,nan,0.14586820034310222
62,dp_immediate,96,33,0,5.799111183133229,0.9039859038397022,5.204164998665331,2.3935677693908453,5.630240345919328,5.881728708050247,0.59375,0.11458333333333333,0.5416666666666666,10,4,3,2.8751172647166436,0.1762634119950235
62,dp_delayed_append,96,82,15,4.190061702930684,0.9433718289729235,3.0618621784789726,2.7003086243366083,3.798840521012196,4.372565718146209,0.3125,0.14583333333333334,0.1875,15,0,0,0.5258856438121509,0.18790564965456724
62,dp_delayed_recluster,96,78,17,4.146066837561356,1.021781233039971,2.9755951785595207,2.7003086243366083,3.798840521012196,4.309200700854733,0.3020833333333333,0.14583333333333334,0.17708333333333334,6,4,2,1.0442570105667832,0.14057339588180184
62,oracle_birth,96,19,0,3.5540815931076923,0.8076690558640017,2.6020824993326657,2.282177322938192,3.3513063935587293,3.6512486472365264,0.23958333333333334,0.10416666666666667,0.13541666666666666,2,2,0,0.0,0.0729555319994688
63,fixed_broad_birth,96,201,0,5.323648661854655,1.1215621879920552,3.8188130791298667,3.5355339059327378,6.078004403307013,4.903140202869032,0.4375,0.25,0.2916666666666667,0,0,0,nan,0.1387847252190113
63,measurement_driven_birth,96,552,0,5.117303334983714,0.8160637774721466,4.389855730355308,2.5,5.632329921522693,4.8392788678596785,0.46875,0.125,0.3854166666666667,0,0,0,nan,0.1619494897313416
63,dp_immediate,96,32,0,4.80928374678556,1.3323075810146456,3.886407938787006,2.5,5.682465939013485,4.3068092204809165,0.40625,0.125,0.3020833333333333,13,3,1,1.36527826533188,0.21290122997015715
63,dp_delayed_append,96,70,16,5.036286493106889,1.1856847419603358,3.952847075210474,2.886751345948129,5.681394897614368,4.680507287640629,0.4583333333333333,0.16666666666666666,0.3125,16,0,0,0.4348398656358074,0.19575157668441534
63,dp_delayed_recluster,96,71,17,4.720749695642461,1.205049524117184,3.4610932762158644,2.9755951785595207,5.681394897614368,4.158015457167433,0.3958333333333333,0.17708333333333334,0.23958333333333334,6,2,0,2.070107734156356,0.14301790576428175
63,oracle_birth,96,24,0,3.8789903929054352,0.6806123235141482,2.9755951785595207,2.3935677693908453,4.0032783414192865,3.8153284213735272,0.2916666666666667,0.11458333333333333,0.17708333333333334,2,2,0,0.0,0.07599881710484624
64,fixed_broad_birth,96,217,0,4.402155431151127,0.7930778272107716,3.227486121839514,2.886751345948129,3.6097080753954343,4.749048585267636,0.3333333333333333,0.16666666666666666,0.20833333333333334,0,0,0,nan,0.13911116775125265
64,measurement_driven_birth,96,524,0,4.683053310894935,0.7594877523813913,3.886407938787006,2.5,4.5559060333329375,4.745349573713856,0.40625,0.125,0.3020833333333333,0,0,0,nan,0.14486946212127805
64,dp_immediate,96,33,0,4.513015286329664,0.758709633508467,3.886407938787006,2.165063509461097,5.041699042632682,4.22393132564039,0.3958333333333333,0.09375,0.3020833333333333,13,5,3,0.6482576677553924,0.19426204822957516
64,dp_delayed_append,96,101,13,3.967992186597039,0.8004969245590424,3.227486121839514,2.165063509461097,3.396645320311208,4.224789139512967,0.3020833333333333,0.09375,0.20833333333333334,13,0,0,0.9816478644710994,0.1674505458213389
64,dp_delayed_recluster,96,102,13,3.9015012457796354,0.7989860058140636,3.1457643480294792,2.165063509461097,3.396645320311208,4.130855630524269,0.2708333333333333,0.09375,0.19791666666666666,3,2,0,1.5026162131348444,0.11411344492807984
64,oracle_birth,96,23,0,3.8143256651908617,0.6975530661775566,3.1457643480294792,2.041241452319315,3.3751210874874715,4.015955582747306,0.2604166666666667,0.08333333333333333,0.19791666666666666,2,2,0,0.0,0.06842693500220776
65,fixed_broad_birth,96,247,0,4.623850023964868,0.7393616914518772,3.4610932762158644,2.9755951785595207,4.021465385136276,4.8973351574356485,0.3958333333333333,0.17708333333333334,0.23958333333333334,0,0,0,nan,0.16046455828472972
65,measurement_driven_birth,96,594,0,4.9957184936179715,0.691401909752892,4.389855730355308,2.282177322938192,4.383914296027253,5.275078447166341,0.46875,0.10416666666666667,0.3854166666666667,0,0,0,nan,0.16293018078431487
65,dp_immediate,96,34,0,5.739239637076413,0.8044904879004706,5.103103630798288,2.5,5.519629995165257,5.845951571465461,0.5833333333333334,0.125,0.5208333333333334,13,5,3,1.9281755375677723,0.22031938005238771
65,dp_delayed_append,96,100,15,4.3470150611032645,0.8169291736692675,3.4610932762158644,2.5,3.8225770300315243,4.586803062801543,0.3229166666666667,0.125,0.23958333333333334,15,0,0,0.7918527954164061,0.20313034811988473
65,dp_delayed_recluster,96,101,15,4.344087968686209,0.8012075967048748,3.4610932762158644,2.5,3.8225770300315243,4.582641470185518,0.3229166666666667,0.125,0.23958333333333334,6,2,0,1.202109006918422,0.1608475069515407
65,oracle_birth,96,21,0,3.675368331383826,0.6982113132897497,2.886751345948129,2.165063509461097,3.378744001157633,3.8150416831706244,0.23958333333333334,0.09375,0.16666666666666666,2,2,0,0.0,0.07885712292045355
66,fixed_broad_birth,96,246,0,4.9098595161559375,0.8180589638815854,3.227486121839514,3.608439182435161,4.022653207004253,5.298038438013612,0.4270833333333333,0.2604166666666667,0.20833333333333334,0,0,0,nan,0.1474660229869187
66,measurement_driven_birth,96,555,0,4.682936714756499,0.758768480992538,3.886407938787006,2.5,4.397199614137306,4.819456627913249,0.3854166666666667,0.125,0.3020833333333333,0,0,0,nan,0.16769595723599195
66,dp_immediate,96,26,0,6.906654145382773,0.5532071498089148,6.653633092779714,1.7677669529663689,6.403139077981773,7.1451180675976875,0.8229166666666666,0.0625,0.8854166666666666,12,6,5,9.74722861747941,0.18508783588185906
66,dp_delayed_append,96,104,14,4.819990718248543,0.9145912697313345,3.75,2.886751345948129,3.851454055477447,5.237520082565443,0.3854166666666667,0.16666666666666666,0.28125,14,0,0,0.6157305909521389,0.18432541517540812
66,dp_delayed_recluster,96,104,14,4.292570023481307,0.8472449900453662,2.9755951785595207,2.9755951785595207,3.851454055477447,4.496930835470857,0.3125,0.17708333333333334,0.17708333333333334,4,2,0,1.2244813219119228,0.13588512688875198
66,oracle_birth,96,24,0,3.8844285103553347,0.710951136666952,2.886751345948129,2.5,3.6050435463069057,4.016840523683696,0.25,0.125,0.16666666666666666,2,2,0,0.0,0.07711904915049672
67,fixed_broad_birth,96,235,0,5.042496704273208,0.9734507414037412,2.886751345948129,4.018187817080398,5.155784345246015,4.9848875023983545,0.46875,0.3229166666666667,0.16666666666666666,0,0,0,nan,0.15719327982515097
67,measurement_driven_birth,96,561,0,4.912238252639466,0.8322167089733521,3.8188130791298667,2.9755951785595207,4.608797946263323,5.057135327564524,0.4270833333333333,0.17708333333333334,0.2916666666666667,0,0,0,nan,0.15537483291700482
67,dp_immediate,96,32,0,6.783969034321139,0.8424582236693353,6.208193510729725,2.6020824993326657,7.374087064692045,6.4687536488192885,0.7604166666666666,0.13541666666666666,0.7708333333333334,10,6,5,3.0906064030441787,0.19063683366402984
67,dp_delayed_append,96,72,19,4.530935330587047,0.8588994721708036,3.227486121839514,3.0618621784789726,4.757746114719107,4.41316081837956,0.375,0.1875,0.20833333333333334,19,0,0,0.51244023362185,0.23714705789461732
67,dp_delayed_recluster,96,72,19,4.3462216160077665,0.8126965416356188,2.9755951785595207,3.0618621784789726,4.757746114719107,4.12509266042805,0.34375,0.1875,0.17708333333333334,9,2,0,0.8623412634867849,0.1834422219544649
67,oracle_birth,96,24,0,3.683367043691973,0.7391613120441396,2.5,2.6020824993326657,3.3905453146373654,3.8213728426482447,0.2604166666666667,0.13541666666666666,0.125,2,2,0,0.0,0.08089107414707541
68,fixed_broad_birth,96,226,0,4.86142739214357,1.1124940250403605,3.227486121839514,3.4610932762158644,4.9223755647063445,4.830664947356285,0.34375,0.23958333333333334,0.20833333333333334,0,0,0,nan,0.15219110623002052
68,measurement_driven_birth,96,561,0,4.899621739664752,0.7541837917878214,4.269562819149833,2.282177322938192,4.569548019131924,5.056585333811439,0.46875,0.10416666666666667,0.3645833333333333,0,0,0,nan,0.1660187947563827
68,dp_immediate,96,35,0,7.279826311573114,0.6258629722275838,6.922186552431729,2.165063509461097,6.539476489400366,7.623085353864159,0.90625,0.09375,0.9583333333333334,13,8,7,5.5196170289120445,0.2231553620658815
68,dp_delayed_append,96,78,19,5.282897187708967,0.9086635034873908,4.389855730355308,2.7950849718747373,4.931015921527639,5.450325222835372,0.4791666666666667,0.15625,0.3854166666666667,19,0,0,1.29009137460953,0.22492479486390948
68,dp_delayed_recluster,96,77,18,4.923569324098365,0.8966799257273637,3.886407938787006,2.886751345948129,4.931015921527639,4.919841798739479,0.4270833333333333,0.16666666666666666,0.3020833333333333,9,2,0,2.1157823721627675,0.1725451983511448
68,oracle_birth,96,23,0,3.8920957220543184,0.7517152228737894,3.0618621784789726,2.282177322938192,3.399915620272298,4.1161754763329155,0.2916666666666667,0.10416666666666667,0.1875,2,2,0,0.0,0.0793771781027317
69,fixed_broad_birth,96,230,0,4.847288923822505,0.7612773767462641,3.0618621784789726,3.679900360969936,4.56730705877899,4.981382135706145,0.3958333333333333,0.2708333333333333,0.1875,0,0,0,nan,0.1538579729385674
69,measurement_driven_birth,96,551,0,4.618676908838582,0.7062882236774024,3.886407938787006,2.3935677693908453,4.385378921612152,4.731013679889119,0.4166666666666667,0.11458333333333333,0.3020833333333333,0,0,0,nan,0.16316230176016688
69,dp_immediate,96,32,0,7.089725394406281,0.5140098910422833,6.7700320038633,2.041241452319315,6.510816020356105,7.362129218281291,0.8333333333333334,0.08333333333333333,0.9166666666666666,12,6,5,6.914268094506458,0.2034900700673461
69,dp_delayed_append,96,89,15,4.038432244134772,0.8270036217982449,2.9755951785595207,2.6020824993326657,4.015234923160173,4.049981079167973,0.2916666666666667,0.13541666666666666,0.17708333333333334,15,0,0,0.8577548664909266,0.19568841066211462
69,dp_delayed_recluster,96,88,15,4.087521342606228,0.7496648537367092,3.0618621784789726,2.6020824993326657,4.015234923160173,4.12318934143335,0.28125,0.13541666666666666,0.1875,5,2,0,1.1948652077604431,0.1401948337443173
69,oracle_birth,96,19,0,3.8071698359718718,0.6572991403722418,2.886751345948129,2.3935677693908453,3.5923257315363926,3.910167663818509,0.28125,0.11458333333333333,0.16666666666666666,2,2,0,0.0,0.0705289589241147
70,fixed_broad_birth,96,235,0,4.6799248334543755,1.0336165214670416,2.7950849718747373,3.608439182435161,4.41800130653179,4.805536067694856,0.3958333333333333,0.2604166666666667,0.15625,0,0,0,nan,0.15391834499314427
70,measurement_driven_birth,96,564,0,4.572278943360542,0.7702173303024267,3.75,2.5,4.3763631372122695,4.667153838205045,0.40625,0.125,0.28125,0,0,0,nan,0.16295646084472537
70,dp_immediate,96,33,0,4.697839760782011,0.8458910989706125,4.018187817080398,2.282177322938192,4.010691799470755,5.006168522114051,0.3854166666666667,0.10416666666666667,0.3229166666666667,10,5,3,0.5129898160328826,0.19954921072348952
70,dp_delayed_append,96,77,17,4.53184599117869,0.8636905818032844,3.679900360969936,2.5,4.203220444273549,4.687527181794681,0.3541666666666667,0.125,0.2708333333333333,17,0,0,0.9806841436830662,0.22952303709462285
70,dp_delayed_recluster,96,78,17,4.522929079712908,1.0890611216912096,3.608439182435161,2.5,4.203220444273549,4.674590906014066,0.34375,0.125,0.2604166666666667,6,2,0,1.353408087219306,0.16264314763247967
70,oracle_birth,96,21,0,3.4657420113040076,0.7436627969612402,2.7003086243366083,2.041241452319315,3.596783552422385,3.398326878316479,0.22916666666666666,0.08333333333333333,0.14583333333333334,2,2,0,0.0,0.07964474195614457
71,fixed_broad_birth,96,229,0,4.971572251902278,1.3415900973166197,2.9755951785595207,3.75,5.018975484309397,4.94770032720027,0.4166666666666667,0.28125,0.17708333333333334,0,0,0,nan,0.16656213393434882
71,measurement_driven_birth,96,580,0,4.535364768886529,0.8819676412377578,3.679900360969936,2.5,4.240876843858022,4.675658475327315,0.375,0.125,0.2708333333333333,0,0,0,nan,0.1851116823963821
71,dp_immediate,96,40,0,6.955919520705954,0.6842146679745086,6.332785063987776,2.7950849718747373,6.7567226317901,7.053408694123355,0.75,0.15625,0.8020833333333334,11,9,7,6.693101967598229,0.22197219589725137
71,dp_delayed_append,96,66,18,4.5095952065208,1.0322865848891174,3.38501600193165,2.7950849718747373,5.139184124165718,4.159214668537148,0.3645833333333333,0.15625,0.22916666666666666,18,0,0,0.52054627629865,0.2457411540672183
71,dp_delayed_recluster,96,66,18,4.1998929271894605,0.9861206483941951,2.9755951785595207,2.7950849718747373,5.139184124165718,3.640473069361399,0.3125,0.15625,0.17708333333333334,8,2,0,1.02619905799145,0.18318098690360785
71,oracle_birth,96,23,0,3.5455682311958987,0.7693421965542706,2.7003086243366083,2.165063509461097,3.6219224330839728,3.506767752141559,0.23958333333333334,0.09375,0.14583333333333334,2,2,0,0.0,0.08343895059078932
72,fixed_broad_birth,96,230,0,4.8389293033514145,0.7060949908945224,3.0618621784789726,3.679900360969936,4.549277787937694,4.977438197339859,0.4375,0.2708333333333333,0.1875,0,0,0,nan,0.15161479590460658
72,measurement_driven_birth,96,521,0,4.504113001726372,0.7038233199133721,3.679900360969936,2.5,3.998952695622175,4.736532441308609,0.3958333333333333,0.125,0.2708333333333333,0,0,0,nan,0.14732431899756193
72,dp_immediate,96,32,0,6.867491423038271,0.5361328618021944,6.574889099191458,1.9094065395649333,6.396314347612211,7.091349593097311,0.7916666666666666,0.07291666666666667,0.8645833333333334,12,4,3,3.8775253664733076,0.2009813031181693
72,dp_delayed_append,96,79,15,4.272562204012874,0.7392255770913295,2.9755951785595207,2.9755951785595207,4.1844872721113155,4.315925719415038,0.3333333333333333,0.17708333333333334,0.17708333333333334,15,0,0,0.29150833980556823,0.18023066222667694
72,dp_delayed_recluster,96,79,15,4.265121872378318,0.6949325527751554,2.9755951785595207,2.9755951785595207,4.1844872721113155,4.304872822062121,0.3333333333333333,0.17708333333333334,0.17708333333333334,5,2,0,1.0662108126710654,0.13636083528399467
72,oracle_birth,96,24,0,3.809076765289261,0.6682557922431362,2.9755951785595207,2.282177322938192,3.583071390124975,3.917192669812616,0.28125,0.10416666666666667,0.17708333333333334,2,2,0,0.0,0.07135177124291658
73,fixed_broad_birth,96,244,0,5.029080452394522,1.1546934066337098,2.9755951785595207,3.886407938787006,5.0551376245050825,5.016001105825396,0.4583333333333333,0.3020833333333333,0.17708333333333334,0,0,0,nan,0.16216052882373333
73,measurement_driven_birth,96,560,0,4.574692583107504,1.0659012915238173,3.75,2.3935677693908453,4.772999441717598,4.4722428947441975,0.3541666666666667,0.11458333333333333,0.28125,0,0,0,nan,0.16384750604629517
73,dp_immediate,96,39,0,6.6222339188262875,1.0703498224038865,5.994789404140899,2.6020824993326657,6.637813957580087,6.614430137642814,0.6875,0.13541666666666666,0.71875,11,7,6,4.817524565700297,0.20817459421232343
73,dp_delayed_append,96,76,19,4.5641447179936385,1.2492332342104502,3.1457643480294792,3.0618621784789726,4.4203931965274865,4.634348660192779,0.3645833333333333,0.1875,0.19791666666666666,19,0,0,0.4152662725140406,0.2291103033348918
73,dp_delayed_recluster,96,75,19,4.604467637857356,1.18720493656699,3.1457643480294792,3.1457643480294792,4.4203931965274865,4.693798604132936,0.375,0.19791666666666666,0.19791666666666666,8,3,1,0.8420634215661134,0.16586583387106657
73,oracle_birth,96,30,0,3.603932086635294,0.6988036098070923,2.7003086243366083,2.282177322938192,3.3686644130313868,3.715984360005715,0.22916666666666666,0.10416666666666667,0.14583333333333334,2,2,0,0.0,0.07061904482543468
74,fixed_broad_birth,96,242,0,5.357396924704068,0.7594088548526449,3.5355339059327378,3.952847075210474,5.052441864349082,5.5035414341067055,0.4375,0.3125,0.25,0,0,0,nan,0.16975152026861906
74,measurement_driven_birth,96,604,0,5.347004392122313,0.6822433358965916,4.564354645876384,2.7003086243366083,4.890442146709111,5.561247320422691,0.5416666666666666,0.14583333333333334,0.4166666666666667,0,0,0,nan,0.19188888417556882
74,dp_immediate,96,41,0,5.832825029882226,0.8297677361088863,5.253966755382705,2.3935677693908453,5.354934470627763,6.0576488963518,0.5833333333333334,0.11458333333333333,0.5520833333333334,14,8,7,2.6888229744743164,0.26116517232730985
74,dp_delayed_append,96,81,17,4.6224871634290565,0.7307901495867793,3.608439182435161,2.7950849718747373,4.555214673567735,4.655758907305682,0.3541666666666667,0.15625,0.2604166666666667,17,0,0,0.6209578324702272,0.24488940695300698
74,dp_delayed_recluster,96,81,17,4.50175637969181,0.6885810304018307,3.4610932762158644,2.7950849718747373,4.555214673567735,4.474787748262532,0.3333333333333333,0.15625,0.23958333333333334,7,2,0,1.483986576857478,0.18498503090813756
74,oracle_birth,96,24,0,3.872896208721092,0.644974193431703,3.1457643480294792,2.165063509461097,3.5944427157676437,4.004869329556431,0.2916666666666667,0.09375,0.19791666666666666,2,2,0,0.0,0.0835094372741878
75,fixed_broad_birth,96,211,0,4.652379988699181,0.900725388736911,2.7950849718747373,3.608439182435161,5.3468119429426135,4.262952071308802,0.3333333333333333,0.2604166666666667,0.15625,0,0,0,nan,0.1567463451065123
75,measurement_driven_birth,96,561,0,4.584097396748459,0.8375254878963384,3.608439182435161,2.7003086243366083,4.879586918042937,4.428965925466814,0.3645833333333333,0.14583333333333334,0.2604166666666667,0,0,0,nan,0.17942961305379868
75,dp_immediate,96,34,0,4.350513075006977,0.8353426537295929,3.227486121839514,2.7950849718747373,5.186254688510711,3.865465971478773,0.3229166666666667,0.15625,0.20833333333333334,12,8,6,0.6850734230738086,0.21810715971514583
75,dp_delayed_append,96,60,16,4.4028347292238275,0.7968397912124171,3.307189138830738,2.7950849718747373,4.376973825161519,4.415708385549779,0.3333333333333333,0.15625,0.21875,16,0,0,0.40616525733026826,0.21705854684114456
75,dp_delayed_recluster,96,61,16,4.161965953078609,0.8095022717193994,2.886751345948129,2.886751345948129,4.376973825161519,4.050184064805422,0.2916666666666667,0.16666666666666666,0.16666666666666666,7,2,0,0.6481743382844634,0.16329858731478453
75,oracle_birth,96,21,0,3.5501670636289693,0.7902654699588431,2.6020824993326657,2.282177322938192,3.3577307944799806,3.642574807113002,0.21875,0.10416666666666667,0.13541666666666666,2,2,0,0.0,0.07840200513601303
76,fixed_broad_birth,96,232,0,4.802237295234698,0.8158735848216536,3.38501600193165,3.307189138830738,5.375648700348151,4.488142721085998,0.3854166666666667,0.21875,0.22916666666666666,0,0,0,nan,0.1528454339131713
76,measurement_driven_birth,96,576,0,4.6952901409007515,0.831614598581057,4.018187817080398,2.282177322938192,5.236315594044308,4.399900426219201,0.40625,0.10416666666666667,0.3229166666666667,0,0,0,nan,0.1731248339638114
76,dp_immediate,96,27,0,7.163105129662879,0.5180814915975998,6.922186552431729,1.7677669529663689,7.092603579709852,7.198096962284371,0.8958333333333334,0.0625,0.9583333333333334,10,8,6,7.105684211640777,0.18806057516485453
76,dp_delayed_append,96,91,17,4.586052127418948,0.8481592512045446,3.679900360969936,2.6020824993326657,5.225112102391784,4.2304743152305315,0.3854166666666667,0.13541666666666666,0.2708333333333333,17,0,0,1.1157749299678943,0.20547226397320628
76,dp_delayed_recluster,96,87,17,4.6393416814360355,0.8307574277587934,3.75,2.6020824993326657,5.225112102391784,4.316750932632559,0.3958333333333333,0.13541666666666666,0.28125,9,2,0,1.405331670932851,0.1662461580708623
76,oracle_birth,96,21,0,3.6069807700178904,0.7143600459704141,2.886751345948129,2.041241452319315,4.042083171478854,3.368419099569114,0.25,0.08333333333333333,0.16666666666666666,2,2,0,0.0,0.07259879307821393
77,fixed_broad_birth,96,254,0,5.054487921106969,0.7401676462911948,3.0618621784789726,3.952847075210474,5.2100811873523405,4.974866754750622,0.4166666666666667,0.3125,0.1875,0,0,0,nan,0.1700371210463345
77,measurement_driven_birth,96,597,0,4.503781542577914,0.7016990213751377,3.8188130791298667,2.282177322938192,4.019837128371075,4.727211334982067,0.375,0.10416666666666667,0.2916666666666667,0,0,0,nan,0.18641070323064923
77,dp_immediate,96,37,0,6.940839443843683,0.508513046587414,6.614378277661476,2.041241452319315,6.269354346009809,7.253307957057137,0.8125,0.08333333333333333,0.875,13,8,7,4.6681963733339105,0.22746399696916342
77,dp_delayed_append,96,90,22,4.401751847347932,1.0706318970422404,3.0618621784789726,2.9755951785595207,4.037604420591225,4.572964493614345,0.3020833333333333,0.17708333333333334,0.1875,22,0,0,0.49698176115316195,0.2716285097412765
77,dp_delayed_recluster,96,90,18,4.109232037320276,0.8602061399490336,2.886751345948129,2.7950849718747373,4.037604420591225,4.144581664802869,0.28125,0.15625,0.16666666666666666,7,3,1,1.3653912236927122,0.1877199299633503
77,oracle_birth,96,26,0,3.6636169932836364,0.633447819589981,2.886751345948129,2.165063509461097,3.116979396918474,3.9083697278798772,0.23958333333333334,0.09375,0.16666666666666666,2,2,0,0.0,0.08552812458947301
78,fixed_broad_birth,96,230,0,5.120827588492983,0.8378793813774826,3.4610932762158644,3.679900360969936,5.2263054621720935,5.067265376378204,0.4479166666666667,0.2708333333333333,0.23958333333333334,0,0,0,nan,0.16938838129863143
78,measurement_driven_birth,96,596,0,4.9038523009799615,0.7811961276315114,4.14578098794425,2.5,4.738801720321185,4.984328461536236,0.4479166666666667,0.125,0.34375,0,0,0,nan,0.18888922594487667
78,dp_immediate,96,30,0,7.011747847755574,0.8527062099603435,6.653633092779714,2.041241452319315,6.875679018552504,7.078801511391306,0.8020833333333334,0.08333333333333333,0.8854166666666666,11,4,3,4.006154754117692,0.21271628001704812
78,dp_delayed_append,96,81,16,4.538031476359337,0.8955797082121909,3.4610932762158644,2.7950849718747373,4.242362482148594,4.67886469196013,0.3958333333333333,0.15625,0.23958333333333334,16,0,0,1.0906196918280193,0.2238939879462123
78,dp_delayed_recluster,96,78,16,4.531459131681746,0.8616583983431136,3.4610932762158644,2.7950849718747373,4.242362482148594,4.669300062983942,0.3958333333333333,0.15625,0.23958333333333334,7,3,0,1.7558035627834827,0.1682378752157092
78,oracle_birth,96,22,0,4.023096503820406,0.7485355563044244,3.227486121839514,2.282177322938192,3.6179956605914336,4.211058289616606,0.3125,0.10416666666666667,0.20833333333333334,2,2,0,0.0,0.08258400997146964
79,fixed_broad_birth,96,230,0,5.31543555712856,0.8060325646770935,3.38501600193165,4.018187817080398,4.889850131445252,5.515928352415604,0.4270833333333333,0.3229166666666667,0.22916666666666666,0,0,0,nan,0.1607913919724524
79,measurement_driven_birth,96,568,0,4.900094522861339,0.7572491881644351,4.018187817080398,2.7003086243366083,4.55723421203627,5.062825067863457,0.4270833333333333,0.14583333333333334,0.3229166666666667,0,0,0,nan,0.16359018720686436
79,dp_immediate,96,42,0,5.557766397636632,0.8248842327051328,4.894725051862804,2.5,4.739179770493371,5.924798608182519,0.5625,0.125,0.4791666666666667,15,9,7,1.8375765218002753,0.23986331885680556
79,dp_delayed_append,96,82,17,4.3501959675607,0.8336895642352198,3.1457643480294792,2.886751345948129,4.2005515843484265,4.4231200105678825,0.3020833333333333,0.16666666666666666,0.19791666666666666,17,0,0,0.696054217559939,0.21663493802770972
79,dp_delayed_recluster,96,82,17,4.350227427088675,0.8338537046316248,3.1457643480294792,2.886751345948129,4.2005515843484265,4.423166421773636,0.3020833333333333,0.16666666666666666,0.19791666666666666,7,2,0,1.4048239136084224,0.15902063809335232
79,oracle_birth,96,23,0,3.820181784004249,0.7288956460549665,2.9755951785595207,2.282177322938192,3.3673236018473394,4.027561194380262,0.28125,0.10416666666666667,0.17708333333333334,2,2,0,0.0,0.07589391898363829
80,fixed_broad_birth,96,208,0,5.15647598077849,1.260652426462382,3.4610932762158644,3.608439182435161,5.688272913866367,4.868844055749307,0.3958333333333333,0.2604166666666667,0.23958333333333334,0,0,0,nan,0.14115123823285103
80,measurement_driven_birth,96,537,0,4.916829610898053,1.12184970291801,4.018187817080398,2.6020824993326657,4.95333739469954,4.898473686878539,0.3541666666666667,0.13541666666666666,0.3229166666666667,0,0,0,nan,0.1633735802024603
80,dp_immediate,96,29,0,7.139494246478859,0.9860923361961198,6.846531968814577,1.7677669529663689,7.755645836085674,6.8105466723208465,0.9375,0.0625,0.9375,11,6,4,3.6519465497748467,0.19177764607593417
80,dp_delayed_append,96,68,20,5.757362805495756,1.173197826784823,5.0518148554092255,2.5,5.821778267460462,5.724883283825224,0.53125,0.125,0.5104166666666666,20,0,0,1.2416160670623484,0.23974359827116132
80,dp_delayed_recluster,96,67,19,5.4764566618551545,1.160062168956634,4.732423621500228,2.5,5.821778267460462,5.295357896878084,0.46875,0.125,0.4479166666666667,10,2,1,1.5471791589613635,0.18781156791374087
80,oracle_birth,96,25,0,3.74245032986959,0.6813720018274423,2.9755951785595207,2.165063509461097,3.7932580237007016,3.716786043092423,0.25,0.09375,0.17708333333333334,2,2,0,0.0,0.07704981416463852
81,fixed_broad_birth,96,241,0,4.973879274215341,0.8838222112707949,3.4610932762158644,3.4610932762158644,5.77842513028196,4.518198098641355,0.4375,0.23958333333333334,0.23958333333333334,0,0,0,nan,0.1684240661561489
81,measurement_driven_birth,96,582,0,4.9101733122045585,0.8199402148241557,4.448782605013046,1.9094065395649333,5.199875996555365,4.758712824288991,0.46875,0.07291666666666667,0.3958333333333333,0,0,0,nan,0.17701142188161612
81,dp_immediate,96,32,0,7.092950227565832,0.5567251842032915,6.922186552431729,1.4433756729740645,6.523612762753718,7.3611244152580175,0.9166666666666666,0.041666666666666664,0.9583333333333334,10,4,3,5.54657191136295,0.1944732558913529
81,dp_delayed_append,96,86,16,4.469745073573155,0.8413011882781077,3.4610932762158644,2.7003086243366083,5.207938546062814,4.050508558726151,0.3645833333333333,0.14583333333333334,0.23958333333333334,16,0,0,0.811791248971322,0.214660766068846
81,dp_delayed_recluster,96,86,16,4.471348042680204,0.8497764326261102,3.4610932762158644,2.7003086243366083,5.207938546062814,4.053161485604381,0.3645833333333333,0.14583333333333334,0.23958333333333334,7,3,1,0.8910643935363146,0.16476472094655037
81,oracle_birth,96,25,0,3.8930590939885175,0.7566873700236858,3.227486121839514,2.041241452319315,4.214097787317269,3.7221705473277136,0.2916666666666667,0.08333333333333333,0.20833333333333334,2,2,0,0.0,0.0792961553670466
82,fixed_broad_birth,96,231,0,5.018475417425937,0.8401957204376652,3.679900360969936,3.307189138830738,5.043933956873895,5.005697592974418,0.3854166666666667,0.21875,0.2708333333333333,0,0,0,nan,0.1558098099194467
82,measurement_driven_birth,96,577,0,5.351394615685874,0.7158382029423682,4.732423621500228,2.3935677693908453,5.615102123218063,5.214542220761439,0.5,0.11458333333333333,0.4479166666666667,0,0,0,nan,0.17187456507235765
82,dp_immediate,96,31,0,7.206846133793907,0.6132953580292235,6.997023176561111,1.613743060919757,7.298999029530146,7.160324949171601,0.9479166666666666,0.052083333333333336,0.9791666666666666,14,5,4,4.623459288550372,0.2180107650347054
82,dp_delayed_append,96,73,16,4.979871450960536,0.9169440194245564,4.269562819149833,2.3935677693908453,5.480164204039871,4.709838601323586,0.4583333333333333,0.11458333333333333,0.3645833333333333,16,0,0,0.6278552757447813,0.21067852387204766
82,dp_delayed_recluster,96,73,15,4.815099968491448,0.888456174064319,4.08248290463863,2.3935677693908453,5.480164204039871,4.44541130922995,0.4270833333333333,0.11458333333333333,0.3333333333333333,5,2,0,1.8583597821919002,0.16213630232959986
82,oracle_birth,96,22,0,3.7587405273401746,0.765809170226385,3.0618621784789726,2.041241452319315,3.361868643563408,3.9422221068220904,0.25,0.08333333333333333,0.1875,2,2,0,0.0,0.09325122507289052
83,fixed_broad_birth,96,237,0,5.215639799262893,0.8002490335233595,3.1457643480294792,4.08248290463863,4.742879576218694,5.436625280100367,0.4479166666666667,0.3333333333333333,0.19791666666666666,0,0,0,nan,0.19544349098578095
83,measurement_driven_birth,96,561,0,4.8882903735025565,0.6766703596861376,4.018187817080398,2.7003086243366083,4.027710542324209,5.2661036884153605,0.4479166666666667,0.14583333333333334,0.3229166666666667,0,0,0,nan,0.17655008472502232
83,dp_immediate,96,31,0,7.057850660482847,0.5780045666008993,6.808389432653413,1.7677669529663689,6.639830201193185,7.257837926557652,0.8854166666666666,0.0625,0.9270833333333334,14,4,3,6.762525936843749,0.22575503820553422
83,dp_delayed_append,96,79,16,4.221424249131547,0.795564385298791,3.227486121839514,2.6020824993326657,4.579607900316915,4.030413102451313,0.3020833333333333,0.13541666666666666,0.20833333333333334,16,0,0,0.4346913975983117,0.2263897960074246
83,dp_delayed_recluster,96,79,16,4.1567882961621105,0.7824463383795939,3.1457643480294792,2.6020824993326657,4.579607900316915,3.928349417801693,0.2916666666666667,0.13541666666666666,0.19791666666666666,6,2,0,1.600094546096864,0.15976938838139176
83,oracle_birth,96,21,0,3.5292018610533495,0.6899993546343064,2.7950849718747373,2.041241452319315,3.38699891804283,3.598196468882986,0.23958333333333334,0.08333333333333333,0.15625,2,2,0,0.0,0.0751256593503058
84,fixed_broad_birth,96,249,0,4.584618923386596,0.8403753165547364,2.886751345948129,3.4610932762158644,4.041701183545291,4.833262022741578,0.34375,0.23958333333333334,0.16666666666666666,0,0,0,nan,0.1690175519324839
84,measurement_driven_birth,96,599,0,4.690740889027916,0.8055330044956213,3.75,2.7003086243366083,4.03656206011095,4.985745530954627,0.3854166666666667,0.14583333333333334,0.28125,0,0,0,nan,0.18747431971132755
84,dp_immediate,96,36,0,6.254751208370565,0.7617388082186545,5.951190357119041,1.7677669529663689,6.415065896950805,6.173032786791995,0.7291666666666666,0.0625,0.7083333333333334,14,6,4,1.1852090622468117,0.25033540977165103
84,dp_delayed_append,96,100,15,3.97741821150927,0.8459840202858038,3.0618621784789726,2.3935677693908453,3.849124777368236,4.040037458736411,0.2604166666666667,0.11458333333333333,0.1875,15,0,0,0.4950615569931324,0.21486964216455817
84,dp_delayed_recluster,96,101,15,4.045554489776781,0.8611104050893063,2.886751345948129,2.7003086243366083,3.849124777368236,4.140276067939741,0.25,0.14583333333333334,0.16666666666666666,4,2,0,1.1305769642895724,0.15304725896567106
84,oracle_birth,96,27,0,3.689168363217115,0.7675479651648571,2.7003086243366083,2.3935677693908453,3.3816681512383338,3.8336803564842525,0.23958333333333334,0.11458333333333333,0.14583333333333334,2,2,0,0.0,0.08218736108392477
85,fixed_broad_birth,96,238,0,4.829748846087579,1.5789682020075548,3.0618621784789726,3.38501600193165,4.573683645599788,4.95281938186857,0.3541666666666667,0.22916666666666666,0.1875,0,0,0,nan,0.1637589018791914
85,measurement_driven_birth,96,596,0,4.673998211471474,0.7014931319491851,3.952847075210474,2.3935677693908453,4.7333650867340955,4.644030189296919,0.4270833333333333,0.11458333333333333,0.3125,0,0,0,nan,0.18184069311246276
85,dp_immediate,96,37,0,6.573792655961595,0.7116295034927077,6.25,1.9094065395649333,6.5156325373821105,6.6026806029267915,0.7916666666666666,0.07291666666666667,0.78125,13,7,6,4.109750154516866,0.22981854295358062
85,dp_delayed_append,96,68,19,4.341833396061744,1.289967921755054,3.0618621784789726,2.7950849718747373,4.573800473275476,4.22107219484198,0.3229166666666667,0.15625,0.1875,19,0,0,1.0248353944995925,0.2392669478431344
85,dp_delayed_recluster,96,67,18,4.387548804195054,1.2418740579704988,3.1457643480294792,2.7950849718747373,4.573800473275476,4.291392708564749,0.3333333333333333,0.15625,0.19791666666666666,9,2,0,1.5440536976764143,0.1947959139943123
85,oracle_birth,96,24,0,3.7345081596632363,0.6363053731696945,2.9755951785595207,2.165063509461097,3.5923748494310015,3.8035836079248644,0.2708333333333333,0.09375,0.17708333333333334,2,2,0,0.0,0.0821399288251996
86,fixed_broad_birth,96,239,0,4.877514485592869,0.9346019957723183,3.227486121839514,3.5355339059327378,4.910120026412926,4.861129703974351,0.3958333333333333,0.25,0.20833333333333334,0,0,0,nan,0.15955154970288277
86,measurement_driven_birth,96,588,0,4.835502146836938,0.6822128299863391,4.08248290463863,2.5,4.396707465362841,5.040595525343041,0.4583333333333333,0.125,0.3333333333333333,0,0,0,nan,0.1725423731841147
86,dp_immediate,96,39,0,4.621232223118955,0.7228097444415268,3.8188130791298667,2.5,4.888268815203142,4.4817513189762845,0.4166666666666667,0.125,0.2916666666666667,14,7,4,0.8430950818135972,0.22913071373477578
86,dp_delayed_append,96,76,17,4.444000124967673,0.6915950964107229,3.307189138830738,2.886751345948129,4.744625998192276,4.28578671129444,0.3645833333333333,0.16666666666666666,0.21875,17,0,0,0.4929672341317411,0.22712920187041163
86,dp_delayed_recluster,96,77,17,4.384588926936381,0.6889267437203525,3.227486121839514,2.886751345948129,4.744625998192276,4.192993221549335,0.3541666666666667,0.16666666666666666,0.20833333333333334,8,2,0,1.202620095575587,0.1751242121681571
86,oracle_birth,96,24,0,4.129951585881204,0.6243664269129195,3.307189138830738,2.3935677693908453,4.202761681775733,4.0930608687976795,0.3333333333333333,0.11458333333333333,0.21875,2,2,0,0.0,0.07801956916227937
87,fixed_broad_birth,96,237,0,5.470433415493062,0.8711917622868263,4.208127057650866,3.38501600193165,5.644085437144554,5.381506519472128,0.4791666666666667,0.22916666666666666,0.3541666666666667,0,0,0,nan,0.16193510871380568
87,measurement_driven_birth,96,589,0,5.442670498593301,0.6752743809676138,4.732423621500228,2.6020824993326657,4.888296869151362,5.699672805864323,0.5,0.13541666666666666,0.4479166666666667,0,0,0,nan,0.18050716910511255
87,dp_immediate,96,36,0,6.909497494224961,0.5876412931097394,6.653633092779714,1.7677669529663689,6.519678478049228,7.096381451520372,0.8229166666666666,0.0625,0.8854166666666666,12,8,7,2.800929785257163,0.21764079621061683
87,dp_delayed_append,96,88,18,5.002612985520266,0.7395742127936344,3.952847075210474,2.9755951785595207,5.051412673063563,4.978033751146169,0.40625,0.17708333333333334,0.3125,18,0,0,1.018335443312061,0.2256611860357225
87,dp_delayed_recluster,96,88,18,4.9492143588650865,0.7323861253894801,3.886407938787006,2.9755951785595207,5.051412673063563,4.897315505274388,0.3958333333333333,0.17708333333333334,0.3020833333333333,7,3,1,1.6273614031446986,0.1637191022746265
87,oracle_birth,96,21,0,4.383105512649922,0.6794217651960698,3.5355339059327378,2.5,4.377402090662861,4.385954442406284,0.375,0.125,0.25,2,2,0,0.0,0.07745454600080848
88,fixed_broad_birth,96,241,0,4.634751572477083,1.080935769867383,2.9755951785595207,3.38501600193165,3.8147444013479164,4.994521577094302,0.3854166666666667,0.22916666666666666,0.17708333333333334,0,0,0,nan,0.1625529620796442
88,measurement_driven_birth,96,599,0,4.575483571203025,0.7890183206673862,3.8188130791298667,2.3935677693908453,4.380420547067475,4.669960683018404,0.40625,0.11458333333333333,0.2916666666666667,0,0,0,nan,0.173292085994035
88,dp_immediate,96,41,0,6.922264135252059,0.7224316056649256,6.653633092779714,1.7677669529663689,6.396305689237598,7.17079130237443,0.8645833333333334,0.0625,0.8854166666666666,13,10,9,2.867051091511209,0.23354970710352063
88,dp_delayed_append,96,95,15,4.159660236813314,0.7975629248273383,3.1457643480294792,2.6020824993326657,3.6016373504223904,4.412285589874017,0.3333333333333333,0.13541666666666666,0.19791666666666666,15,0,0,0.4036247493065067,0.20618412923067808
88,dp_delayed_recluster,96,95,14,4.5681892740041645,0.7455556606496236,3.75,2.5,3.6016373504223904,4.981629659329489,0.3854166666666667,0.125,0.28125,4,2,0,0.7789537686512427,0.13666530512273312
88,oracle_birth,96,20,0,3.683410598174295,0.7393783208949156,2.7003086243366083,2.3935677693908453,3.597604729212519,3.7255725141631504,0.2604166666666667,0.11458333333333333,0.14583333333333334,2,2,0,0.0,0.07591466093435884
89,fixed_broad_birth,96,224,0,4.897563236600573,0.7406926869501802,3.307189138830738,3.5355339059327378,4.41150499614332,5.123329027034423,0.4479166666666667,0.25,0.21875,0,0,0,nan,0.14694698806852102
89,measurement_driven_birth,96,566,0,4.9446844946266095,0.7011215430062553,4.208127057650866,2.5,5.354950431316336,4.726215194653509,0.4791666666666667,0.125,0.3541666666666667,0,0,0,nan,0.159380242228508
89,dp_immediate,96,31,0,7.378634929563888,0.5268650274155882,7.144345083117603,1.7677669529663689,6.86437731586833,7.622764732586635,0.9791666666666666,0.0625,1.0208333333333333,12,7,6,5.141420269549738,0.21309237834066153
89,dp_delayed_append,96,76,16,4.461222074753391,0.794776111199636,3.38501600193165,2.7950849718747373,4.41150499614332,4.485873987853615,0.3645833333333333,0.15625,0.22916666666666666,16,0,0,0.9811985698220986,0.21219603577628732
89,dp_delayed_recluster,96,76,16,4.456052407405234,0.7652252767706066,3.38501600193165,2.7950849718747373,4.41150499614332,4.478159936939975,0.3645833333333333,0.15625,0.22916666666666666,7,2,0,1.2350796978123688,0.1626588418148458
89,oracle_birth,96,24,0,3.87716000040897,0.6701017351402324,2.9755951785595207,2.3935677693908453,3.8173780618638613,3.9067079324614453,0.2916666666666667,0.11458333333333333,0.17708333333333334,2,2,0,0.0,0.08115970995277166
90,fixed_broad_birth,96,215,0,5.441852141563221,0.9838299636130592,3.679900360969936,3.886407938787006,5.414223095400199,5.455614193889801,0.4479166666666667,0.3020833333333333,0.2708333333333333,0,0,0,nan,0.15157860098406672
90,measurement_driven_birth,96,545,0,5.162745966366589,0.7824827452205033,4.448782605013046,2.5,6.055471861273914,4.652585210236524,0.4791666666666667,0.125,0.3958333333333333,0,0,0,nan,0.17010573484003544
90,dp_immediate,96,29,0,7.2331958639505824,0.8698404487443766,6.922186552431729,1.9094065395649333,6.828938899670094,7.4270775114909116,0.90625,0.07291666666666667,0.9583333333333334,9,4,3,7.499269566268808,0.18096879636868834
90,dp_delayed_append,96,72,22,5.203390617532129,1.4405811044926946,4.269562819149833,2.6020824993326657,5.297066317928785,5.1559145735421446,0.4166666666666667,0.13541666666666666,0.3645833333333333,22,0,0,0.6117737490571096,0.25749363796785474
90,dp_delayed_recluster,96,67,20,4.842057373951564,1.0245419851354967,3.952847075210474,2.6020824993326657,5.297066317928785,4.597697644548874,0.3645833333333333,0.13541666666666666,0.3125,9,3,1,0.9704450371713376,0.18450519628822803
90,oracle_birth,96,25,0,3.815553151353978,0.7042342300735429,2.9755951785595207,2.282177322938192,3.804793451548722,3.8209216390469063,0.2604166666666667,0.10416666666666667,0.17708333333333334,2,2,0,0.0,0.07260852912440896
91,fixed_broad_birth,96,218,0,5.082327380868371,1.5467875116913627,3.227486121839514,3.608439182435161,5.2157077486630445,5.014306906218911,0.34375,0.2604166666666667,0.20833333333333334,0,0,0,nan,0.13816970586776733
91,measurement_driven_birth,96,515,0,4.832999680067834,1.2177380291079802,4.08248290463863,2.282177322938192,4.543779809399527,4.971303791074358,0.4166666666666667,0.10416666666666667,0.3333333333333333,0,0,0,nan,0.1460793176665902
91,dp_immediate,96,34,0,6.647274568738625,0.6604991992419619,6.332785063987776,1.9094065395649333,6.516416874326525,6.71174674345622,0.7916666666666666,0.07291666666666667,0.8020833333333334,11,7,6,5.2969906192058875,0.18269263906404376
91,dp_delayed_append,96,62,19,4.853961981451005,1.4855235611410178,3.679900360969936,2.7950849718747373,5.216614925260731,4.662068718587396,0.3854166666666667,0.15625,0.2708333333333333,19,0,0,0.6712785457435521,0.21704916330054402
91,dp_delayed_recluster,96,60,19,4.56826280233659,1.4556871336974024,3.38501600193165,2.7003086243366083,5.064639303884634,4.298633725684445,0.3333333333333333,0.14583333333333334,0.22916666666666666,9,2,0,1.730353160386094,0.16773358406499028
91,oracle_birth,96,26,0,3.670068365711677,0.6697525480834288,3.0618621784789726,1.9094065395649333,3.605836873349459,3.701766191278572,0.2604166666666667,0.07291666666666667,0.1875,2,2,0,0.0,0.07306132232770324
92,fixed_broad_birth,96,206,0,5.011602405744178,1.800321824913766,2.9755951785595207,3.608439182435161,4.510132143216565,5.244386716790975,0.3541666666666667,0.2604166666666667,0.17708333333333334,0,0,0,nan,0.1459335288964212
92,measurement_driven_birth,96,529,0,4.440506928505546,0.6687813161059627,3.679900360969936,2.3935677693908453,4.377547471556375,4.471654250978471,0.3645833333333333,0.11458333333333333,0.2708333333333333,0,0,0,nan,0.15735529409721494
92,dp_immediate,96,29,0,7.093774250818819,0.5671270771000952,6.73145600891813,2.165063509461097,6.750403306644772,7.259371686391999,0.8541666666666666,0.09375,0.90625,13,5,4,4.033709179729452,0.2202990991063416
92,dp_delayed_append,96,83,16,4.447612956427585,1.2458307844630645,3.227486121839514,2.7950849718747373,4.04557857559968,4.635573158693347,0.3229166666666667,0.15625,0.20833333333333334,16,0,0,0.4372795042154779,0.1966788461431861
92,dp_delayed_recluster,96,83,16,4.14170578294041,1.2364169169184156,2.7950849718747373,2.7950849718747373,4.04557857559968,4.188942251092452,0.2708333333333333,0.15625,0.15625,6,3,0,0.9027159500601494,0.14377887500450015
92,oracle_birth,96,20,0,3.7327217770386487,0.6257357254559645,2.7950849718747373,2.3935677693908453,3.5829449186092117,3.805400196073216,0.25,0.11458333333333333,0.15625,2,2,0,0.0,0.07543517602607608
93,fixed_broad_birth,96,246,0,4.909812129199529,0.8177745068384156,3.1457643480294792,3.679900360969936,4.76616161786108,4.980083777635286,0.4270833333333333,0.2708333333333333,0.19791666666666666,0,0,0,nan,0.17493152199313045
93,measurement_driven_birth,96,622,0,4.620091861426454,0.715482686503052,3.886407938787006,2.3935677693908453,4.223278811604543,4.8062283811482045,0.3958333333333333,0.11458333333333333,0.3020833333333333,0,0,0,nan,0.19917523488402367
93,dp_immediate,96,41,0,4.797171731346973,0.785508298301918,3.886407938787006,2.7003086243366083,5.515564634969614,4.394150464969084,0.4270833333333333,0.14583333333333334,0.3020833333333333,10,8,6,1.212257111941082,0.22277329489588737
93,dp_delayed_append,96,65,17,5.17798340280405,0.8774083730211034,4.269562819149833,2.7950849718747373,4.748086126381379,5.380065728948266,0.5,0.15625,0.3645833333333333,17,0,0,0.565229358924999,0.2551255524158478
93,dp_delayed_recluster,96,65,18,4.290451534842974,0.8364454790977721,3.227486121839514,2.7003086243366083,4.748086126381379,4.042251925287066,0.3541666666666667,0.14583333333333334,0.20833333333333334,8,2,0,1.3510019652527947,0.18491580616682768
93,oracle_birth,96,26,0,3.4544633041551704,0.6891903847423628,2.7003086243366083,2.041241452319315,3.1515613096578616,3.596360067535758,0.22916666666666666,0.08333333333333333,0.14583333333333334,2,2,0,0.0,0.08211474074050784
94,fixed_broad_birth,96,231,0,4.522985830241011,0.8159253359801377,2.7003086243366083,3.5355339059327378,4.220267532500184,4.666987487438107,0.3541666666666667,0.25,0.14583333333333334,0,0,0,nan,0.16190358065068722
94,measurement_driven_birth,96,589,0,4.23241546855875,0.8519628504197702,3.4610932762158644,2.282177322938192,4.6271928202083545,4.02051667700175,0.34375,0.10416666666666667,0.23958333333333334,0,0,0,nan,0.17068147426471114
94,dp_immediate,96,34,0,6.830748128214183,0.5522257911714241,6.535161308899218,1.9094065395649333,6.518422619268198,6.9816733857262845,0.8020833333333334,0.07291666666666667,0.8541666666666666,13,8,7,7.0970826474140924,0.22758899722248316
94,dp_delayed_append,96,82,17,4.488717704343294,0.9368848893816129,3.679900360969936,2.3935677693908453,4.027685183249719,4.7023138959710815,0.3854166666666667,0.11458333333333333,0.2708333333333333,17,0,0,0.6863536414168377,0.2166865048930049
94,dp_delayed_recluster,96,82,15,4.043460000140243,0.8512160552610213,3.1457643480294792,2.3935677693908453,4.028568573402387,4.050885185215514,0.2916666666666667,0.11458333333333333,0.19791666666666666,4,2,0,1.5363326936382222,0.14043307397514582
94,oracle_birth,96,22,0,3.6058008290686976,0.7083781609511284,2.7003086243366083,2.282177322938192,3.8138872950834886,3.4971175671642967,0.25,0.10416666666666667,0.14583333333333334,2,2,0,0.0,0.07494698883965611
95,fixed_broad_birth,96,184,0,4.930114357818667,0.9319482717242237,3.608439182435161,3.227486121839514,5.1914172669190055,4.79412502466532,0.3854166666666667,0.20833333333333334,0.2604166666666667,0,0,0,nan,0.12509746896103024
95,measurement_driven_birth,96,537,0,4.783302330703908,0.6958073394152304,4.269562819149833,2.041241452319315,4.193887828306045,5.052289008179298,0.4270833333333333,0.08333333333333333,0.3645833333333333,0,0,0,nan,0.1441339310258627
95,dp_immediate,96,29,0,7.447883405412517,0.5124781822534602,7.2886898685566255,1.4433756729740645,6.625405222313982,7.826777986566121,1.0208333333333333,0.041666666666666664,1.0625,11,3,2,4.981210505289868,0.19899694714695215
95,dp_delayed_append,96,75,15,4.220422405269087,0.7902311553572784,3.38501600193165,2.3935677693908453,4.2000976397673915,4.230548170929643,0.3229166666666667,0.11458333333333333,0.22916666666666666,15,0,0,0.34489850014446144,0.18681258894503117
95,dp_delayed_recluster,96,76,16,4.160656956492392,0.8027450672174,3.307189138830738,2.3935677693908453,4.2000976397673915,4.140795741475665,0.3125,0.11458333333333333,0.21875,7,3,0,0.7884814645872238,0.1510195080190897
95,oracle_birth,96,24,0,4.19629714209953,0.6491607696038628,3.608439182435161,2.041241452319315,3.362074075066326,4.556489165363226,0.3229166666666667,0.08333333333333333,0.2604166666666667,2,2,0,0.0,0.0734603451564908
96,fixed_broad_birth,96,225,0,4.422937374117156,0.9013184871965972,3.1457643480294792,2.9755951785595207,3.4359560147279757,4.841556119211144,0.3541666666666667,0.17708333333333334,0.19791666666666666,0,0,0,nan,0.13973273569718003
96,measurement_driven_birth,96,568,0,4.757468076379417,0.8709204887756812,3.8188130791298667,2.7003086243366083,3.8591538445785134,5.148176332313351,0.4166666666666667,0.14583333333333334,0.2916666666666667,0,0,0,nan,0.16976088425144553
96,dp_immediate,96,31,0,6.909941318923315,0.59283699077432,6.653633092779714,1.7677669529663689,6.393966055136874,7.1539871812384614,0.8229166666666666,0.0625,0.8854166666666666,14,5,4,8.858263523193768,0.21353933308273554
96,dp_delayed_append,96,96,15,4.3791736127288825,0.9736502779511094,3.307189138830738,2.7003086243366083,3.4268656680821223,4.784771482745173,0.34375,0.14583333333333334,0.21875,15,0,0,0.30610208472912775,0.18363896803930402
96,dp_delayed_recluster,96,96,14,4.376874800664381,0.9632581969670398,3.38501600193165,2.6020824993326657,3.4268656680821223,4.781615352315191,0.34375,0.13541666666666666,0.22916666666666666,4,2,0,0.7580147629597767,0.1284172716550529
96,oracle_birth,96,21,0,3.9089056312204873,0.8343919345570788,2.886751345948129,2.5,3.415876287763912,4.1334258725695046,0.2916666666666667,0.125,0.16666666666666666,2,2,0,0.0,0.0760713261552155
97,fixed_broad_birth,96,215,0,5.410420453408088,0.7917172155026384,3.5355339059327378,4.018187817080398,5.217959625325272,5.504127805404099,0.4895833333333333,0.3229166666666667,0.25,0,0,0,nan,0.1526648122817278
97,measurement_driven_birth,96,541,0,5.014011856216086,0.8131102186104959,4.208127057650866,2.6020824993326657,4.219929424299227,5.367175250388235,0.40625,0.13541666666666666,0.3541666666666667,0,0,0,nan,0.17192389024421573
97,dp_immediate,96,39,0,5.995654351911677,0.7288377329219167,5.253966755382705,2.7950849718747373,6.154917543243765,5.914414736838397,0.6041666666666666,0.15625,0.5520833333333334,11,7,6,3.919515630049581,0.21568719716742635
97,dp_delayed_append,96,79,20,5.10769094985624,1.0433153115158098,4.08248290463863,2.886751345948129,5.2258275797389055,5.047585889540177,0.4791666666666667,0.16666666666666666,0.3333333333333333,20,0,0,0.6110263783654075,0.22924585780128837
97,dp_delayed_recluster,96,72,17,5.271740419346234,0.841376084539766,4.330127018922194,2.886751345948129,5.371731312702052,5.221026903351614,0.4791666666666667,0.16666666666666666,0.375,9,2,0,0.700703287678591,0.17895393399521708
97,oracle_birth,96,20,0,4.083616354807243,0.728072249104348,2.7950849718747373,2.886751345948129,4.196635177800642,4.025917335477329,0.2604166666666667,0.16666666666666666,0.15625,2,2,0,0.0,0.07957542687654495
98,fixed_broad_birth,96,237,0,4.902895823956292,0.7751693109044283,3.1457643480294792,3.679900360969936,5.34780423099217,4.664555299741144,0.4270833333333333,0.2708333333333333,0.19791666666666666,0,0,0,nan,0.16397899389266968
98,measurement_driven_birth,96,584,0,4.559904086221317,0.6929828825720443,3.886407938787006,2.282177322938192,5.024048712993122,4.30912464173907,0.3854166666666667,0.10416666666666667,0.3020833333333333,0,0,0,nan,0.17384452978149056
98,dp_immediate,96,37,0,6.713325033301016,0.893252298856687,6.081049799719343,2.7003086243366083,7.407829975688506,6.337596313253515,0.6979166666666666,0.14583333333333334,0.7395833333333334,10,7,7,5.980275326849197,0.20745219197124243
98,dp_delayed_append,96,66,17,4.342172841226899,0.7907580644051737,3.1457643480294792,2.886751345948129,4.883620229412396,4.044357081424652,0.34375,0.16666666666666666,0.19791666666666666,17,0,0,0.7994946426011114,0.23454536916688085
98,dp_delayed_recluster,96,66,17,4.27472837228255,0.7516444129135045,3.0618621784789726,2.886751345948129,4.883620229412396,3.935108729455024,0.3333333333333333,0.16666666666666666,0.1875,8,2,0,1.0945162149267211,0.17769338097423315
98,oracle_birth,96,20,0,3.6006034452882294,0.6814287712017061,2.7950849718747373,2.165063509461097,3.588437936744514,3.606670811482327,0.25,0.09375,0.15625,2,2,0,0.0,0.08489095279946923
99,fixed_broad_birth,96,226,0,5.074481373087296,0.8662339209531801,2.7950849718747373,4.14578098794425,5.782963356068455,4.6801932887328075,0.4166666666666667,0.34375,0.15625,0,0,0,nan,0.16432420630007982
99,measurement_driven_birth,96,584,0,4.692430220487693,0.8153126440081221,3.75,2.7003086243366083,4.569528800466614,4.752689273671522,0.3854166666666667,0.14583333333333334,0.28125,0,0,0,nan,0.18565818713977933
99,dp_immediate,96,32,0,5.826877316372327,0.7868709720920225,5.153882032022076,2.6020824993326657,5.905817825622685,5.787003265539103,0.5625,0.13541666666666666,0.53125,11,5,4,2.7363785031264753,0.21736129373311996
99,dp_delayed_append,96,78,16,4.5886079672228695,0.861871844801299,3.0618621784789726,3.307189138830738,5.216456829385483,4.239961519739368,0.34375,0.21875,0.1875,16,0,0,0.9743401896954081,0.23001111298799515
99,dp_delayed_recluster,96,78,16,4.474673189162821,0.867102540925371,2.886751345948129,3.307189138830738,5.216456829385483,4.053188781477817,0.3229166666666667,0.21875,0.16666666666666666,7,2,0,1.4140560382440206,0.17905352404341102
99,oracle_birth,96,17,0,3.8261063272530973,0.759334990268581,2.7003086243366083,2.6020824993326657,3.604716221127597,3.93212982030592,0.2604166666666667,0.13541666666666666,0.14583333333333334,2,2,0,0.0,0.07914867298677564
