seed,tracker,scans,total_births,total_confirmed_births,rms_gospa,rms_localization,rms_missed,rms_false,early_rms_gospa,late_rms_gospa,mean_cardinality_error,mean_false_targets,mean_missed_targets,final_birth_atoms,recurrent_birth_atoms,spurious_birth_atoms,birth_region_error,runtime_seconds
100,fixed_broad_birth,96,231,0,5.162762367071037,0.7825909481831955,3.0618621784789726,4.08248290463863,5.8003725966533715,4.812381090298619,0.4166666666666667,0.3333333333333333,0.1875,0,0,0,nan,0.11701368493959308
100,measurement_driven_birth,96,561,0,4.841548824606047,0.7238289538126553,3.952847075210474,2.7003086243366083,5.074899087671458,4.720549984540147,0.4166666666666667,0.14583333333333334,0.3125,0,0,0,nan,0.12709922017529607
100,dp_immediate,96,33,0,5.366629613194812,0.8220178861919567,4.621056877670591,2.6020824993326657,5.36768953891185,5.366099571826578,0.5,0.13541666666666666,0.4270833333333333,9,6,4,1.534285158694839,0.13376891193911433
100,dp_delayed_append,96,85,17,4.763423347880178,0.9028853698726149,3.608439182435161,2.9755951785595207,4.927884961079022,4.67902531430218,0.375,0.17708333333333334,0.2604166666666667,17,0,0,0.7829465863645038,0.16070747980847955
100,dp_delayed_recluster,96,85,17,4.762873984130701,0.8999825491136265,3.608439182435161,2.9755951785595207,4.927884961079022,4.67818637810094,0.375,0.17708333333333334,0.2604166666666667,9,3,0,0.9916702046697392,0.13128770887851715
100,oracle_birth,96,27,0,3.8780754601003444,0.6753783686935538,2.7003086243366083,2.7003086243366083,4.402327317533357,3.5873334116023465,0.25,0.14583333333333334,0.14583333333333334,2,2,0,0.0,0.059835467021912336
101,fixed_broad_birth,96,209,0,4.970210702119444,0.8629374775320215,3.227486121839514,3.679900360969936,4.264253685569071,5.287963869746965,0.3958333333333333,0.2708333333333333,0.20833333333333334,0,0,0,nan,0.10822765016928315
101,measurement_driven_birth,96,555,0,4.904567040858682,0.78567032416739,4.018187817080398,2.7003086243366083,4.772252531772162,4.969403351903831,0.4479166666666667,0.14583333333333334,0.3229166666666667,0,0,0,nan,0.1221898840740323
101,dp_immediate,96,31,0,6.843817757121119,0.6954673436040547,6.454972243679028,2.165063509461097,6.549257856794983,6.986442084611745,0.78125,0.09375,0.8333333333333334,11,5,4,5.485646310709807,0.1379556581377983
101,dp_delayed_append,96,94,14,4.8743852087809465,0.9181309802614245,3.886407938787006,2.7950849718747373,4.251470451960076,5.15770746004743,0.4375,0.15625,0.3020833333333333,14,0,0,0.9032732335381594,0.13969972915947437
101,dp_delayed_recluster,96,95,14,4.70825544266662,0.901943815729777,3.679900360969936,2.7950849718747373,4.251470451960076,4.920772649508915,0.40625,0.15625,0.2708333333333333,3,2,0,1.0070647441683225,0.09685919992625713
101,oracle_birth,96,22,0,4.021160152427422,0.7380575665015068,2.9755951785595207,2.6020824993326657,3.3967598273737045,4.29948889925015,0.2916666666666667,0.13541666666666666,0.17708333333333334,2,2,0,0.0,0.05655735218897462
102,fixed_broad_birth,96,225,0,4.651702951647822,0.8972218326789256,3.307189138830738,3.1457643480294792,4.189226039101756,4.866487760408886,0.3958333333333333,0.19791666666666666,0.21875,0,0,0,nan,0.1117984070442617
102,measurement_driven_birth,96,575,0,5.040581233191282,0.6383252841617246,4.269562819149833,2.6020824993326657,4.86926908062116,5.124089974117708,0.4791666666666667,0.13541666666666666,0.3645833333333333,0,0,0,nan,0.12502390891313553
102,dp_immediate,96,33,0,6.980382255015708,0.536876546459397,6.7700320038633,1.613743060919757,6.62095117169128,7.153328416216271,0.8645833333333334,0.052083333333333336,0.9166666666666666,13,5,4,6.197715499514958,0.16145634092390537
102,dp_delayed_append,96,117,13,4.074924457412981,0.6776252653857735,3.227486121839514,2.3935677693908453,3.797158330498535,4.206935738396356,0.3229166666666667,0.11458333333333333,0.20833333333333334,13,0,0,0.29490655103274444,0.13932613469660282
102,dp_delayed_recluster,96,117,13,4.077550525794053,0.6932423508918253,3.227486121839514,2.3935677693908453,3.797158330498535,4.210750733796508,0.3229166666666667,0.11458333333333333,0.20833333333333334,3,2,0,1.2815118664590848,0.0983272553421557
102,oracle_birth,96,18,0,3.933970837284534,0.6098851383158228,3.227486121839514,2.165063509461097,3.781189428640567,4.008178273889047,0.3020833333333333,0.09375,0.20833333333333334,2,2,0,0.0,0.05524921789765358
103,fixed_broad_birth,96,233,0,4.954943461930767,0.7701502305375975,2.886751345948129,3.952847075210474,5.366839896434219,4.735579355202132,0.4375,0.3125,0.16666666666666666,0,0,0,nan,0.11516829067841172
103,measurement_driven_birth,96,597,0,4.562775222213532,0.7116303313137724,3.679900360969936,2.6020824993326657,4.217456260560204,4.725982219369788,0.40625,0.13541666666666666,0.2708333333333333,0,0,0,nan,0.1277406271547079
103,dp_immediate,96,28,0,7.060017737531746,0.9410191926467512,6.535161308899218,2.5,6.874231651844073,7.151100983749766,0.8125,0.125,0.8541666666666666,11,6,5,5.612906780447288,0.1519392030313611
103,dp_delayed_append,96,72,19,4.576878378804511,0.7970669321758399,3.1457643480294792,3.227486121839514,5.2177707444247785,4.220089782322735,0.3854166666666667,0.20833333333333334,0.19791666666666666,19,0,0,0.41481756381494495,0.18068779213353992
103,dp_delayed_recluster,96,71,18,4.402186762444007,0.7932517200972502,2.9755951785595207,3.1457643480294792,5.2177707444247785,3.9314509619818883,0.3541666666666667,0.19791666666666666,0.17708333333333334,8,2,0,1.0621142839111681,0.13443764997646213
103,oracle_birth,96,24,0,3.8142903904545986,0.6973601528007541,2.886751345948129,2.3935677693908453,3.60830194073044,3.9132205823760953,0.28125,0.11458333333333333,0.16666666666666666,2,2,0,0.0,0.059018034022301435
104,fixed_broad_birth,96,241,0,4.620897927060366,0.7206693548205334,2.9755951785595207,3.4610932762158644,4.18400882575035,4.824529153346236,0.3958333333333333,0.23958333333333334,0.17708333333333334,0,0,0,nan,0.12294594384729862
104,measurement_driven_birth,96,592,0,4.552340593484283,0.6413305536810419,3.75,2.5,4.181674175061176,4.726786208983907,0.40625,0.125,0.28125,0,0,0,nan,0.13066109409555793
104,dp_immediate,96,28,0,7.4121567926540175,0.5025617562917934,7.180703308172536,1.7677669529663689,6.513825899983918,7.822732166620559,0.96875,0.0625,1.03125,9,5,4,5.221192007339846,0.1346444319933653
104,dp_delayed_append,96,85,16,4.2779304748277225,0.7696465514289066,3.227486121839514,2.7003086243366083,4.003018212831774,4.408963179145203,0.3541666666666667,0.14583333333333334,0.20833333333333334,16,0,0,0.9373753772908091,0.16191434068605304
104,dp_delayed_recluster,96,87,16,4.334932714309782,0.7499833137653849,3.227486121839514,2.7950849718747373,4.003018212831774,4.491701798901872,0.3645833333333333,0.15625,0.20833333333333334,6,2,0,1.2767343914041844,0.11985932802781463
104,oracle_birth,96,20,0,3.732780627533276,0.6260866925762362,2.7003086243366083,2.5,3.5768189139595012,3.808367110495306,0.2708333333333333,0.125,0.14583333333333334,2,2,0,0.0,0.05815756507217884
105,fixed_broad_birth,96,231,0,5.044049394347602,0.9814619839564576,3.5355339059327378,3.4610932762158644,5.3545581993752025,4.881393723485078,0.4270833333333333,0.23958333333333334,0.25,0,0,0,nan,0.1175574348308146
105,measurement_driven_birth,96,589,0,5.010625832077109,0.7919624753810924,4.14578098794425,2.7003086243366083,5.347174256781799,4.833572237737079,0.4479166666666667,0.14583333333333334,0.34375,0,0,0,nan,0.12801372911781073
105,dp_immediate,96,33,0,6.997566396946742,0.7269356778135299,6.614378277661476,2.165063509461097,6.639215658052019,7.170028657017751,0.8229166666666666,0.09375,0.875,13,7,6,5.795353728447755,0.16285416902974248
105,dp_delayed_append,96,91,19,4.7859869457154725,1.0152197026057534,3.608439182435161,2.9755951785595207,4.73572542226655,4.810920798484166,0.3541666666666667,0.17708333333333334,0.2604166666666667,19,0,0,0.6200184424740485,0.16908633103594184
105,dp_delayed_recluster,96,89,17,4.648151118039752,0.8786213534855954,3.4610932762158644,2.9755951785595207,4.73572542226655,4.603739304809781,0.3333333333333333,0.17708333333333334,0.23958333333333334,5,3,1,1.4318946380573558,0.1136037209071219
105,oracle_birth,96,23,0,4.202546907436916,0.6884043210262282,3.227486121839514,2.6020824993326657,4.0064610891669,4.29723580157142,0.3229166666666667,0.13541666666666666,0.20833333333333334,2,2,0,0.0,0.058332799933850765
106,fixed_broad_birth,96,217,0,5.106059160577281,1.2620116816608746,3.4610932762158644,3.5355339059327378,4.708035390209508,5.293860747057876,0.3854166666666667,0.25,0.23958333333333334,0,0,0,nan,0.1109596318565309
106,measurement_driven_birth,96,552,0,5.256768900916965,0.7418126072765416,4.269562819149833,2.9755951785595207,4.717415424179962,5.5066709339060855,0.4791666666666667,0.17708333333333334,0.3645833333333333,0,0,0,nan,0.1220735777169466
106,dp_immediate,96,30,0,7.119850080208642,0.8320247380018214,6.692657668420421,2.282177322938192,6.49091351222716,7.4143387186831395,0.8125,0.10416666666666667,0.8958333333333334,10,6,5,6.930000267835579,0.13656642194837332
106,dp_delayed_append,96,65,16,4.6215637776203655,1.251872630879817,3.0618621784789726,3.227486121839514,4.55964787390956,4.652212727175634,0.3541666666666667,0.20833333333333334,0.1875,16,0,0,0.19979572385237976,0.15060059307143092
106,dp_delayed_recluster,96,66,16,4.620068732248932,1.246342017280007,3.0618621784789726,3.227486121839514,4.55964787390956,4.6499847600860384,0.3541666666666667,0.20833333333333334,0.1875,7,2,0,0.9484868618711567,0.11968562472611666
106,oracle_birth,96,24,0,4.2045475560959495,0.7005142050468516,2.9755951785595207,2.886751345948129,3.602385296837343,4.475348066214928,0.3020833333333333,0.16666666666666666,0.17708333333333334,2,2,0,0.0,0.05766967963427305
107,fixed_broad_birth,96,203,0,5.2575413954326145,0.7472671485848887,3.75,3.608439182435161,5.0622033739988135,5.352537789419968,0.4166666666666667,0.2604166666666667,0.28125,0,0,0,nan,0.10180033417418599
107,measurement_driven_birth,96,517,0,4.943782793558383,0.6947337450783557,4.269562819149833,2.3935677693908453,4.194777879336314,5.278579518804397,0.4583333333333333,0.11458333333333333,0.3645833333333333,0,0,0,nan,0.11035899631679058
107,dp_immediate,96,25,0,7.059047906915699,0.5924446686942515,6.7700320038633,1.9094065395649333,6.3937617563961915,7.369202217975777,0.84375,0.07291666666666667,0.9166666666666666,10,6,5,6.705107906052168,0.12766246916726232
107,dp_delayed_append,96,80,15,5.495368943441802,0.7152480860125832,4.841229182759271,2.5,4.562645667988604,5.906754776610368,0.53125,0.125,0.46875,15,0,0,0.47422883281006145,0.1445775469765067
107,dp_delayed_recluster,96,78,16,5.213493352059651,0.786137985324573,4.5069390943299865,2.5,4.562645667988604,5.5101634868801925,0.46875,0.125,0.40625,8,2,0,0.7150465380559297,0.11778504867106676
107,oracle_birth,96,20,0,3.9433068918171346,0.667459793834688,3.0618621784789726,2.3935677693908453,3.1159050005294917,4.297682151860049,0.28125,0.11458333333333333,0.1875,2,2,0,0.0,0.05312451208010316
108,fixed_broad_birth,96,236,0,4.477654460171907,0.8823582783450464,2.9755951785595207,3.227486121839514,4.58639805585443,4.422280026600917,0.3645833333333333,0.20833333333333334,0.17708333333333334,0,0,0,nan,0.115635234862566
108,measurement_driven_birth,96,563,0,4.229994102866339,0.8398512429496102,3.608439182435161,2.041241452319315,3.8364669450663875,4.41361936001877,0.34375,0.08333333333333333,0.2604166666666667,0,0,0,nan,0.12042305897921324
108,dp_immediate,96,38,0,5.95672753585973,0.7660088792802568,5.68257570707744,1.613743060919757,6.537150959796427,5.6441769168870515,0.6354166666666666,0.052083333333333336,0.6458333333333334,14,6,5,3.655810052460751,0.17585668433457613
108,dp_delayed_append,96,82,17,4.491631853503666,0.9507488491055065,3.5355339059327378,2.6020824993326657,4.600266966411229,4.436316825925081,0.3645833333333333,0.13541666666666666,0.25,17,0,0,0.6315804138556753,0.16676265466958284
108,dp_delayed_recluster,96,84,17,4.1981794037710065,0.9787970369695738,3.1457643480294792,2.6020824993326657,4.600266966411229,3.9819388968495537,0.3125,0.13541666666666666,0.19791666666666666,7,2,0,1.1424644589542534,0.12282798625528812
108,oracle_birth,96,22,0,3.2513260186649178,0.8217588127389502,2.5,1.9094065395649333,3.162424260577552,3.2948774965886747,0.19791666666666666,0.07291666666666667,0.125,2,2,0,0.0,0.05657061096280813
109,fixed_broad_birth,96,245,0,4.968858767718144,0.8551164366307938,2.9755951785595207,3.886407938787006,5.492972328370807,4.68486538549087,0.4375,0.3020833333333333,0.17708333333333334,0,0,0,nan,0.12433471903204918
109,measurement_driven_birth,96,599,0,4.999072841174823,0.7152360482421508,4.018187817080398,2.886751345948129,5.3466768079201925,4.815871412619085,0.4895833333333333,0.16666666666666666,0.3229166666666667,0,0,0,nan,0.13322066515684128
109,dp_immediate,96,28,0,6.9940841095530155,0.692612829437916,6.73145600891813,1.7677669529663689,6.632419766038837,7.168076647245177,0.84375,0.0625,0.90625,13,4,3,7.600623596097484,0.15400291606783867
109,dp_delayed_append,96,83,18,4.359362380620877,0.8802691059589978,3.1457643480294792,2.886751345948129,5.1997748404990105,3.8713345699403874,0.3645833333333333,0.16666666666666666,0.19791666666666666,18,0,0,0.707019448244132,0.17698703007772565
109,dp_delayed_recluster,96,83,18,4.354658501703348,0.8566702981839495,3.1457643480294792,2.886751345948129,5.1997748404990105,3.8633854070934484,0.3645833333333333,0.16666666666666666,0.19791666666666666,9,2,0,1.226209640470044,0.1467613521963358
109,oracle_birth,96,23,0,3.6702322183293794,0.6706498364494439,2.7950849718747373,2.282177322938192,4.000844661642071,3.493211674290519,0.2604166666666667,0.10416666666666667,0.15625,2,2,0,0.0,0.06068380596116185
110,fixed_broad_birth,96,213,0,5.081859344596551,0.9084571526843093,3.4610932762158644,3.608439182435161,5.387170724057386,4.922107007402869,0.4166666666666667,0.2604166666666667,0.23958333333333334,0,0,0,nan,0.10659248428419232
110,measurement_driven_birth,96,545,0,4.696977428032744,0.8410887544025417,3.952847075210474,2.3935677693908453,5.247697808024738,4.395819525071498,0.4270833333333333,0.11458333333333333,0.3125,0,0,0,nan,0.11467875214293599
110,dp_immediate,96,33,0,7.183534101516532,0.7493300480991353,6.884463184107628,1.9094065395649333,7.022582409042044,7.262672472002507,0.875,0.07291666666666667,0.9479166666666666,12,5,4,11.38098544225895,0.1555724749341607
110,dp_delayed_append,96,67,19,5.031536794219251,1.3707160579719422,4.14578098794425,2.5,5.09516320705014,4.999419937766228,0.40625,0.125,0.34375,19,0,0,0.326240906570459,0.158661643974483
110,dp_delayed_recluster,96,66,16,4.83738683840952,1.0022365444765597,3.952847075210474,2.6020824993326657,5.09516320705014,4.703203491598863,0.34375,0.13541666666666666,0.3125,6,2,0,0.7547006700378658,0.10900539299473166
110,oracle_birth,96,21,0,3.8152317754795035,0.7024909256556157,2.9755951785595207,2.282177322938192,4.014139471499605,3.7117829142633276,0.28125,0.10416666666666667,0.17708333333333334,2,2,0,0.0,0.054617565125226974
111,fixed_broad_birth,96,250,0,5.219248882286931,0.8234433163572239,3.1457643480294792,4.08248290463863,4.5764015560416915,5.512632106517691,0.46875,0.3333333333333333,0.19791666666666666,0,0,0,nan,0.11666818428784609
111,measurement_driven_birth,96,565,0,4.959349451162971,0.7980060434715593,4.018187817080398,2.7950849718747373,4.41845339729997,5.2087767523738115,0.4166666666666667,0.15625,0.3229166666666667,0,0,0,nan,0.13368048798292875
111,dp_immediate,96,38,0,7.432531065358563,0.7449953271800437,7.144345083117603,1.9094065395649333,8.036275973307974,7.111463372379601,0.9895833333333334,0.07291666666666667,1.0208333333333333,12,8,7,7.697061291367858,0.15613249875605106
111,dp_delayed_append,96,74,20,4.58051563229182,0.8176939877911099,3.4610932762158644,2.886751345948129,5.217320282245025,4.226283204275589,0.3854166666666667,0.16666666666666666,0.23958333333333334,20,0,0,0.7785605991997997,0.18219067016616464
111,dp_delayed_recluster,96,73,19,4.579923809739721,0.8143722140525167,3.4610932762158644,2.886751345948129,5.217320282245025,4.22532101629788,0.3854166666666667,0.16666666666666666,0.23958333333333334,9,2,0,1.5853144511340775,0.13945849519222975
111,oracle_birth,96,28,0,3.755693356838394,0.7507102796241549,2.7950849718747373,2.3935677693908453,3.619299941160727,3.8220652602823315,0.2708333333333333,0.11458333333333333,0.15625,2,2,0,0.0,0.06123536778613925
112,fixed_broad_birth,96,220,0,5.269375356025348,0.8264280424537446,4.018187817080398,3.307189138830738,5.521863216744015,5.1384811249838815,0.4791666666666667,0.21875,0.3229166666666667,0,0,0,nan,0.10409168107435107
112,measurement_driven_birth,96,553,0,5.359774641909374,0.7760052912543609,4.7871355387816905,2.282177322938192,5.509999787728779,5.283060428170073,0.5625,0.10416666666666667,0.4583333333333333,0,0,0,nan,0.11664424790069461
112,dp_immediate,96,26,0,7.517318891781635,0.5099836475192849,7.252872993970504,1.9094065395649333,7.522121445614162,7.514916463928349,0.9791666666666666,0.07291666666666667,1.0520833333333333,12,4,3,11.788667814344993,0.13805025117471814
112,dp_delayed_append,96,81,16,5.380296777669528,0.9069693576968918,4.621056877670591,2.6020824993326657,5.231768887453399,5.4530438543843545,0.5,0.13541666666666666,0.4270833333333333,16,0,0,0.5208757203551317,0.1446288749575615
112,dp_delayed_recluster,96,81,16,5.325824727115165,0.8719187790641183,4.564354645876384,2.6020824993326657,5.231768887453399,5.372235167047726,0.4895833333333333,0.13541666666666666,0.4166666666666667,6,3,1,1.1144919296825546,0.10755201103165746
112,oracle_birth,96,20,0,4.731252497101507,0.7139679203782523,4.269562819149833,1.9094065395649333,5.355430343042239,4.385978591763201,0.4375,0.07291666666666667,0.3645833333333333,2,2,0,0.0,0.05076960101723671
113,fixed_broad_birth,96,241,0,5.063780710407319,1.2975136799895086,3.1457643480294792,3.75,4.71481095752291,5.229540270621389,0.4166666666666667,0.28125,0.19791666666666666,0,0,0,nan,0.12135481415316463
113,measurement_driven_birth,96,607,0,4.619729224598203,0.7131372765978314,3.952847075210474,2.282177322938192,4.564222922617894,4.647233770667745,0.3958333333333333,0.10416666666666667,0.3125,0,0,0,nan,0.13868215400725603
113,dp_immediate,96,35,0,6.718842501184416,0.5926026401016014,6.332785063987776,2.165063509461097,6.521697609184097,6.815276735449875,0.7708333333333334,0.09375,0.8020833333333334,11,7,6,5.254157961766357,0.20457983622327447
113,dp_delayed_append,96,94,16,4.15256491009954,0.7596898485061735,3.1457643480294792,2.6020824993326657,4.213365586845501,4.1218282611819275,0.3333333333333333,0.13541666666666666,0.19791666666666666,16,0,0,0.6651907975052707,0.20517781842499971
113,dp_delayed_recluster,96,95,16,4.079431530016087,0.7042217511239312,3.0618621784789726,2.6020824993326657,4.213365586845501,4.01078765679849,0.3229166666666667,0.13541666666666666,0.1875,5,2,0,1.6335842523117883,0.1467931899242103
113,oracle_birth,96,26,0,3.67384710886798,0.6901588556298334,2.886751345948129,2.165063509461097,3.808561965905759,3.604602161811266,0.2604166666666667,0.09375,0.16666666666666666,2,2,0,0.0,0.07788774976506829
114,fixed_broad_birth,96,243,0,5.105637621040291,1.2603050625603691,3.1457643480294792,3.8188130791298667,5.037186961332873,5.139521089981244,0.4270833333333333,0.2916666666666667,0.19791666666666666,0,0,0,nan,0.16551062604412436
114,measurement_driven_birth,96,610,0,4.936862407250315,0.6436436085195303,4.14578098794425,2.6020824993326657,4.546478936340902,5.1209061974309105,0.4375,0.13541666666666666,0.34375,0,0,0,nan,0.18280737986788154
114,dp_immediate,96,44,0,4.499180185302616,0.671532332172481,3.75,2.3935677693908453,4.201835350907977,4.640713668355281,0.3541666666666667,0.11458333333333333,0.28125,11,8,6,0.6398473795083712,0.2113013961352408
114,dp_delayed_append,96,85,15,4.740594344850434,0.7734563610365615,3.75,2.7950849718747373,4.38424519710645,4.909078237252529,0.4166666666666667,0.15625,0.28125,15,0,0,0.7526839780459949,0.207183794118464
114,dp_delayed_recluster,96,86,15,4.389867703284776,0.7217606613987434,3.227486121839514,2.886751345948129,4.38424519710645,4.392676257629128,0.3333333333333333,0.16666666666666666,0.20833333333333334,5,2,0,1.0159838207681418,0.1481469413265586
114,oracle_birth,96,25,0,3.7460896188640627,0.7010854198273075,2.7950849718747373,2.3935677693908453,4.011250332110595,3.606205281929049,0.2708333333333333,0.11458333333333333,0.15625,2,2,0,0.0,0.0804618438705802
115,fixed_broad_birth,96,256,0,5.313708283376838,0.7945621776556884,3.608439182435161,3.8188130791298667,5.3310418326146625,5.305020270526558,0.46875,0.2916666666666667,0.2604166666666667,0,0,0,nan,0.16846479382365942
115,measurement_driven_birth,96,623,0,4.886579152665592,0.6641956152113455,4.330127018922194,2.165063509461097,4.542377197988906,5.049889941225867,0.4479166666666667,0.09375,0.375,0,0,0,nan,0.17696949280798435
115,dp_immediate,96,36,0,7.055824905606157,0.5527191256917644,6.7700320038633,1.9094065395649333,6.38965085476159,7.366354500360435,0.8645833333333334,0.07291666666666667,0.9166666666666666,13,9,8,4.075019259037212,0.23315276019275188
115,dp_delayed_append,96,110,16,5.257420098678362,1.0382514599013086,4.5069390943299865,2.5,5.184222487757359,5.29363936622965,0.4479166666666667,0.125,0.40625,16,0,0,1.7414216898939494,0.21728862822055817
115,dp_delayed_recluster,96,111,17,5.007867061126578,0.7743163663838455,4.14578098794425,2.7003086243366083,5.184222487757359,4.91731810559275,0.4479166666666667,0.14583333333333334,0.34375,7,3,0,2.1683631923770217,0.1687853061594069
115,oracle_birth,96,30,0,3.795720041959892,0.5873590358000861,3.0618621784789726,2.165063509461097,3.7867521779166258,3.8001960379598647,0.2604166666666667,0.09375,0.1875,2,2,0,0.0,0.08099737064912915
116,fixed_broad_birth,96,247,0,4.957767974875855,0.7881179856920544,3.227486121839514,3.679900360969936,5.069233974064991,4.901084410326921,0.4166666666666667,0.2708333333333333,0.20833333333333334,0,0,0,nan,0.15740231424570084
116,measurement_driven_birth,96,588,0,4.560640161135118,0.6978099163515482,3.952847075210474,2.165063509461097,4.572008798821573,4.554945201732606,0.3645833333333333,0.09375,0.3125,0,0,0,nan,0.1695353277027607
116,dp_immediate,96,32,0,6.827916758018124,0.8871944099752824,6.574889099191458,1.613743060919757,5.498134787425963,7.403777941786566,0.8333333333333334,0.052083333333333336,0.8645833333333334,10,9,7,1.5253235976075763,0.18922574166208506
116,dp_delayed_append,96,85,17,4.334888557903066,0.7497280458754741,3.1457643480294792,2.886751345948129,4.898963650348412,4.023302845976284,0.34375,0.16666666666666666,0.19791666666666666,17,0,0,0.70888879798153,0.21353621687740088
116,dp_delayed_recluster,96,86,17,4.333124036566503,0.7394574021562862,3.1457643480294792,2.886751345948129,4.898963650348412,4.020450652686595,0.34375,0.16666666666666666,0.19791666666666666,7,2,0,1.6505270217809807,0.1586265517398715
116,oracle_birth,96,20,0,3.67648208064037,0.7040505350728822,2.7003086243366083,2.3935677693908453,3.838720011697087,3.592616744074265,0.23958333333333334,0.11458333333333333,0.14583333333333334,2,2,0,0.0,0.07550577679648995
117,fixed_broad_birth,96,226,0,5.115108533905996,0.8021857517461988,3.4610932762158644,3.679900360969936,5.0557827658152235,5.144514873425852,0.4479166666666667,0.2708333333333333,0.23958333333333334,0,0,0,nan,0.157334100920707
117,measurement_driven_birth,96,604,0,5.104187943013549,0.729315586198143,4.389855730355308,2.5,5.487848803620211,4.901107996229977,0.5104166666666666,0.125,0.3854166666666667,0,0,0,nan,0.17492197500541806
117,dp_immediate,96,37,0,4.158476560933681,0.7913663128843371,3.38501600193165,2.282177322938192,4.206654668414325,4.134176969132575,0.3333333333333333,0.10416666666666667,0.22916666666666666,12,6,4,0.6301372713550123,0.21309923892840743
117,dp_delayed_append,96,80,16,4.183852686184708,0.9153997121631209,3.0618621784789726,2.7003086243366083,4.6205470463088005,3.947430486527406,0.3333333333333333,0.14583333333333334,0.1875,16,0,0,0.7641328337044773,0.20175486290827394
117,dp_delayed_recluster,96,78,15,4.179869798137938,0.8970199901446013,3.0618621784789726,2.7003086243366083,4.618015913037755,3.9425793343373026,0.3333333333333333,0.14583333333333334,0.1875,4,2,0,1.2330051377569733,0.13225205289199948
117,oracle_birth,96,22,0,3.8927109094248618,0.7548939601175817,3.0618621784789726,2.282177322938192,3.8065199789593733,3.935098494501068,0.2916666666666667,0.10416666666666667,0.1875,2,2,0,0.0,0.07620140630751848
118,fixed_broad_birth,96,219,0,5.300934248549839,0.7040861032444715,3.952847075210474,3.4610932762158644,4.874553425248884,5.501747023752562,0.4479166666666667,0.23958333333333334,0.3125,0,0,0,nan,0.13894647173583508
118,measurement_driven_birth,96,542,0,5.345947691111392,0.6739115046496975,4.621056877670591,2.6020824993326657,4.539935532264454,5.70641987200295,0.5416666666666666,0.13541666666666666,0.4270833333333333,0,0,0,nan,0.14828150486573577
118,dp_immediate,96,39,0,7.197471770720237,0.49101923619621257,6.884463184107628,2.041241452319315,6.747417655947792,7.412258584505405,0.8854166666666666,0.08333333333333333,0.9479166666666666,12,9,8,7.492963216952103,0.1990903140977025
118,dp_delayed_append,96,80,17,4.741562616498014,0.7793690051390867,3.8188130791298667,2.7003086243366083,4.878861316474311,4.671400239388882,0.3958333333333333,0.14583333333333334,0.2916666666666667,17,0,0,0.6201406756272472,0.20566057600080967
118,dp_delayed_recluster,96,80,17,4.729090333173357,0.6994965184428659,3.8188130791298667,2.7003086243366083,4.878861316474311,4.652397145158162,0.3958333333333333,0.14583333333333334,0.2916666666666667,8,3,1,1.6994402459326348,0.16007261397317052
118,oracle_birth,96,23,0,4.252140330352345,0.610216400693737,3.5355339059327378,2.282177322938192,3.3461864125981564,4.639241783910941,0.3333333333333333,0.10416666666666667,0.25,2,2,0,0.0,0.06936483224853873
119,fixed_broad_birth,96,236,0,4.645322351282904,0.8635313624849961,3.1457643480294792,3.307189138830738,4.744170383449362,4.595101011663809,0.3541666666666667,0.21875,0.19791666666666666,0,0,0,nan,0.1471081250347197
119,measurement_driven_birth,96,561,0,4.680162552260584,0.7414545494604715,4.018187817080398,2.282177322938192,4.573760319259274,4.73246664482256,0.4270833333333333,0.10416666666666667,0.3229166666666667,0,0,0,nan,0.15625864872708917
119,dp_immediate,96,34,0,6.8823286269780874,0.7010330446719903,6.614378277661476,1.7677669529663689,6.52325993281948,7.055013176388767,0.8125,0.0625,0.875,14,7,5,10.387962079754145,0.22262990614399314
119,dp_delayed_append,96,82,15,4.105217230710305,0.8408181598820578,3.0618621784789726,2.6020824993326657,4.389700866707599,3.955309838355834,0.3229166666666667,0.13541666666666666,0.1875,15,0,0,1.3079555277802382,0.19610414002090693
119,dp_delayed_recluster,96,82,16,4.106073631095344,0.8449895446945899,2.9755951785595207,2.7003086243366083,4.389700866707599,3.9566430400502437,0.3229166666666667,0.14583333333333334,0.17708333333333334,5,2,0,2.014981958907181,0.1414146451279521
119,oracle_birth,96,26,0,3.610393475448355,0.731396641747863,2.886751345948129,2.041241452319315,3.604617587358801,3.6132779571729445,0.25,0.08333333333333333,0.16666666666666666,2,2,0,0.0,0.0734475920908153
120,fixed_broad_birth,96,235,0,5.042968828950252,0.9758934076512727,3.227486121839514,3.75,4.545689448031887,5.274054951901014,0.40625,0.28125,0.20833333333333334,0,0,0,nan,0.15623801806941628
120,measurement_driven_birth,96,576,0,4.7393236709436,0.7656297133512494,4.08248290463863,2.282177322938192,4.365821675874101,4.915443401584785,0.3958333333333333,0.10416666666666667,0.3333333333333333,0,0,0,nan,0.16964765824377537
120,dp_immediate,96,29,0,7.054295770085364,0.5328434527866451,6.846531968814577,1.613743060919757,6.510965743133701,7.3108341359680775,0.90625,0.052083333333333336,0.9375,10,5,4,8.104063373477981,0.1812277170829475
120,dp_delayed_append,96,110,15,4.224136101063086,0.8098307232406339,3.227486121839514,2.6020824993326657,4.185582619966803,4.243281485616125,0.2604166666666667,0.13541666666666666,0.20833333333333334,15,0,0,0.20059975986967837,0.20181072875857353
120,dp_delayed_recluster,96,110,15,4.146855190063177,0.7278332918239218,3.0618621784789726,2.7003086243366083,4.185582619966803,4.1273552084533245,0.25,0.14583333333333334,0.1875,4,2,0,1.0152223905203832,0.14247450372204185
120,oracle_birth,96,22,0,3.805232829421234,0.6459852057943206,2.9755951785595207,2.282177322938192,3.574594671544548,3.9154606109933425,0.23958333333333334,0.10416666666666667,0.17708333333333334,2,2,0,0.0,0.07494201697409153
121,fixed_broad_birth,96,217,0,4.642634328022589,0.8489523958387947,2.9755951785595207,3.4610932762158644,3.448756842036021,5.136547320706343,0.3333333333333333,0.23958333333333334,0.17708333333333334,0,0,0,nan,0.13912348914891481
121,measurement_driven_birth,96,538,0,4.683557357203774,0.7625895695267088,3.886407938787006,2.5,4.585533023726724,4.731808081640909,0.3854166666666667,0.125,0.3020833333333333,0,0,0,nan,0.15319816209375858
121,dp_immediate,96,38,0,5.407277200350758,0.7699437564522434,4.841229182759271,2.282177322938192,6.282033568594882,4.911822187709284,0.53125,0.10416666666666667,0.46875,13,8,6,1.0064546290280925,0.1944078509695828
121,dp_delayed_append,96,92,14,3.975794896006127,0.8383187868834305,2.9755951785595207,2.5,3.6703369416138756,4.120040163660399,0.28125,0.125,0.17708333333333334,14,0,0,0.5523655488885812,0.17443600110709667
121,dp_delayed_recluster,96,90,13,3.846941754285686,0.8581729784062376,2.886751345948129,2.3935677693908453,3.6703369416138756,3.9322709289686792,0.2604166666666667,0.11458333333333333,0.16666666666666666,3,2,0,0.9049178147476826,0.11911735776811838
121,oracle_birth,96,18,0,3.54662835124123,0.7742131458205925,2.5,2.3935677693908453,3.180404470069203,3.7162309799209257,0.21875,0.11458333333333333,0.125,2,2,0,0.0,0.07006288599222898
122,fixed_broad_birth,96,229,0,5.177748412785132,0.8760205245496689,3.608439182435161,3.608439182435161,4.62963569921827,5.431100678997793,0.4583333333333333,0.2604166666666667,0.2604166666666667,0,0,0,nan,0.14657695265486836
122,measurement_driven_birth,96,560,0,5.36893657370175,0.8369467918764516,4.564354645876384,2.7003086243366083,4.942829924968269,5.569778816530107,0.4375,0.14583333333333334,0.4166666666666667,0,0,0,nan,0.16199778718873858
122,dp_immediate,96,28,0,7.631043732319865,0.6483274208131937,7.39509972887452,1.7677669529663689,7.121811489061055,7.873318437863821,1.03125,0.0625,1.09375,11,7,6,8.947058701217081,0.18392725009471178
122,dp_delayed_append,96,80,16,4.699438035059866,0.8547228666068717,3.886407938787006,2.5,4.931596905219349,4.578946685676354,0.3645833333333333,0.125,0.3020833333333333,16,0,0,0.4180442248439523,0.19927176786586642
122,dp_delayed_recluster,96,80,16,4.640781054963789,0.8387582886490493,3.8188130791298667,2.5,4.931596905219349,4.488312509438452,0.3541666666666667,0.125,0.2916666666666667,9,2,0,0.4180442248439523,0.16299910796806216
122,oracle_birth,96,24,0,4.157209500456992,0.7846809313493011,3.38501600193165,2.282177322938192,4.241028669566204,4.114659664904689,0.2916666666666667,0.10416666666666667,0.22916666666666666,2,2,0,0.0,0.07247511390596628
123,fixed_broad_birth,96,219,0,5.001170490308602,0.7297531133656865,3.227486121839514,3.75,5.206485034589124,4.895285099154094,0.4270833333333333,0.28125,0.20833333333333334,0,0,0,nan,0.14098591869696975
123,measurement_driven_birth,96,560,0,5.04657671469834,0.6840588697878935,4.14578098794425,2.7950849718747373,4.89291414575394,5.121679449862489,0.4791666666666667,0.15625,0.34375,0,0,0,nan,0.15793887432664633
123,dp_immediate,96,33,0,7.132964855405088,0.598627008337243,6.73145600891813,2.282177322938192,6.8693121924532665,7.2612021349066325,0.8229166666666666,0.10416666666666667,0.90625,10,6,5,8.451799844696875,0.1833445210941136
123,dp_delayed_append,96,69,20,5.016404970447185,0.8277391864957002,3.886407938787006,3.0618621784789726,5.203726556775847,4.920070446898473,0.4270833333333333,0.1875,0.3020833333333333,20,0,0,0.9524481288169739,0.22925378801301122
123,dp_delayed_recluster,96,69,19,4.737855392898726,0.7564877553665628,3.5355339059327378,3.0618621784789726,5.203726556775847,4.486816861337468,0.3958333333333333,0.1875,0.25,9,3,1,1.005449519957566,0.1739810248836875
123,oracle_birth,96,18,0,3.673818757508316,0.6900079200173078,2.7950849718747373,2.282177322938192,3.601047907490578,3.709668904162308,0.2604166666666667,0.10416666666666667,0.15625,2,2,0,0.0,0.07065533008426428
124,fixed_broad_birth,96,231,0,4.971776018277798,0.8719079324039306,3.4610932762158644,3.4610932762158644,4.898279149803125,5.00811999149235,0.375,0.23958333333333334,0.23958333333333334,0,0,0,nan,0.14665690390393138
124,measurement_driven_birth,96,548,0,4.676621723691255,0.7187656640618716,4.08248290463863,2.165063509461097,4.896065625505843,4.5629438759556855,0.40625,0.09375,0.3333333333333333,0,0,0,nan,0.1589460032992065
124,dp_immediate,96,34,0,4.416002454551912,0.8666473784697643,3.75,2.165063509461097,4.738871622382242,4.245369759067273,0.375,0.09375,0.28125,11,7,5,0.9581179373992664,0.18885523406788707
124,dp_delayed_append,96,76,17,4.708605146864509,0.9037675378172656,3.886407938787006,2.5,4.218782658478038,4.935319653667928,0.4270833333333333,0.125,0.3020833333333333,17,0,0,0.6205346084098078,0.2042461521923542
124,dp_delayed_recluster,96,79,16,4.163933291064694,0.8195570668173059,3.227486121839514,2.5,4.218782658478038,4.136235863550067,0.3125,0.125,0.20833333333333334,6,2,0,0.8767920161545435,0.14825633680447936
124,oracle_birth,96,17,0,3.741747501447417,0.6775010685757793,3.0618621784789726,2.041241452319315,4.006065162870744,3.6023232090275688,0.2708333333333333,0.08333333333333333,0.1875,2,2,0,0.0,0.06953191384673119
125,fixed_broad_birth,96,242,0,5.262486355201965,0.7812997538419728,3.0618621784789726,4.208127057650866,4.207174106048224,5.717559529968092,0.4583333333333333,0.3541666666666667,0.1875,0,0,0,nan,0.15171439293771982
125,measurement_driven_birth,96,552,0,4.622056594743532,0.7280616949674263,3.886407938787006,2.3935677693908453,4.2006150375548605,4.818975762613073,0.4166666666666667,0.11458333333333333,0.3020833333333333,0,0,0,nan,0.15457538003101945
125,dp_immediate,96,27,0,7.199597808802646,0.5212567587243901,6.846531968814577,2.165063509461097,6.398741485027703,7.568313327067433,0.90625,0.09375,0.9375,13,5,4,5.725233654936438,0.2024464369751513
125,dp_delayed_append,96,74,16,4.408669368702269,0.8284718477616868,3.4610932762158644,2.6020824993326657,4.206307576256272,4.506443907424683,0.3541666666666667,0.13541666666666666,0.23958333333333334,16,0,0,0.4603707288255574,0.1989922160282731
125,dp_delayed_recluster,96,75,16,3.8983223208324347,0.783315762491121,2.7003086243366083,2.7003086243366083,4.206307576256272,3.7348177549400075,0.2916666666666667,0.14583333333333334,0.14583333333333334,6,2,0,0.822534812125437,0.14793516183272004
125,oracle_birth,96,18,0,3.5954310747282654,0.6535477129648966,2.7003086243366083,2.282177322938192,3.3635365145371945,3.7059409031135346,0.25,0.10416666666666667,0.14583333333333334,2,2,0,0.0,0.0696188760921359
126,fixed_broad_birth,96,236,0,5.27597840958089,0.8675337716944348,3.38501600193165,3.952847075210474,5.64443598479684,5.081741185293759,0.4375,0.3125,0.22916666666666666,0,0,0,nan,0.15203516790643334
126,measurement_driven_birth,96,575,0,4.690336768699851,0.8031764047524651,4.018187817080398,2.282177322938192,4.01740690235836,4.992905907001288,0.40625,0.10416666666666667,0.3229166666666667,0,0,0,nan,0.160992830991745
126,dp_immediate,96,37,0,5.020378716725366,0.8514903362237096,4.208127057650866,2.6020824993326657,4.578004351443094,5.227546438637116,0.4479166666666667,0.13541666666666666,0.3541666666666667,11,8,6,0.39287077079095695,0.19930824171751738
126,dp_delayed_append,96,72,17,5.1862560501273975,0.9249784596499354,4.389855730355308,2.6020824993326657,4.585804452239236,5.4617832700626225,0.4791666666666667,0.13541666666666666,0.3854166666666667,17,0,0,0.520275359581127,0.21196059975773096
126,dp_delayed_recluster,96,73,18,4.863806891970937,0.8602039384456008,3.886407938787006,2.7950849718747373,4.585804452239236,4.997011605598629,0.4375,0.15625,0.3020833333333333,9,2,0,1.1039783276570132,0.1636827290058136
126,oracle_birth,96,25,0,3.6924218749168722,0.7830363778467103,2.9755951785595207,2.041241452319315,2.8867997575332205,4.035363990212037,0.2604166666666667,0.08333333333333333,0.17708333333333334,2,2,0,0.0,0.07400174764916301
127,fixed_broad_birth,96,246,0,5.213093493431018,0.7834818257322953,3.0618621784789726,4.14578098794425,4.55291353697941,5.513619937869678,0.4895833333333333,0.34375,0.1875,0,0,0,nan,0.16231221100315452
127,measurement_driven_birth,96,595,0,4.835531829238118,0.6824231860863691,3.8188130791298667,2.886751345948129,4.182391059596183,5.131018867600018,0.4583333333333333,0.16666666666666666,0.2916666666666667,0,0,0,nan,0.17949480284005404
127,dp_immediate,96,32,0,7.37597062503299,0.4881352217192418,7.144345083117603,1.7677669529663689,6.517255275821342,7.769820192701616,0.9791666666666666,0.0625,1.0208333333333333,11,7,6,8.568847847586783,0.2026918171904981
127,dp_delayed_append,96,80,16,4.5208271148119925,0.8038725865164545,3.4610932762158644,2.7950849718747373,4.006120400225878,4.757343415444801,0.375,0.15625,0.23958333333333334,16,0,0,0.6550712729776484,0.2120210211724043
127,dp_delayed_recluster,96,84,18,4.15594852167341,0.7779726525609609,2.7003086243366083,3.0618621784789726,4.006120400225878,4.228872407822933,0.3333333333333333,0.1875,0.14583333333333334,6,2,0,2.173129580228271,0.15572850033640862
127,oracle_birth,96,21,0,3.808793038779199,0.6666366418468805,2.7950849718747373,2.5,3.5811901945593405,3.917638959063909,0.28125,0.125,0.15625,2,2,0,0.0,0.07644416205585003
128,fixed_broad_birth,96,229,0,5.161447886309052,0.7738718346196054,2.9755951785595207,4.14578098794425,5.637760637895428,4.905980423883155,0.4583333333333333,0.34375,0.17708333333333334,0,0,0,nan,0.15043842885643244
128,measurement_driven_birth,96,586,0,4.570065076926614,0.7569642047972033,3.952847075210474,2.165063509461097,5.046065614033219,4.312406882525369,0.3854166666666667,0.09375,0.3125,0,0,0,nan,0.16512185987085104
128,dp_immediate,96,33,0,6.366039857486212,0.6498436738450261,5.951190357119041,2.165063509461097,5.908593761678282,6.582853110952944,0.71875,0.09375,0.7083333333333334,12,7,6,4.307725125801499,0.20666045416146517
128,dp_delayed_append,96,74,18,4.445324953359221,1.0054421619159255,3.227486121839514,2.886751345948129,5.373659946172692,3.8991358405276038,0.3333333333333333,0.16666666666666666,0.20833333333333334,18,0,0,0.422771507753323,0.21394240017980337
128,dp_delayed_recluster,96,84,17,4.489985230433878,0.9429390416039792,3.227486121839514,2.9755951785595207,5.373659946172692,3.9751528833141996,0.34375,0.17708333333333334,0.20833333333333334,7,2,0,0.8475032614105871,0.1570197967812419
128,oracle_birth,96,14,0,3.603952969182637,0.6989112991505751,2.886751345948129,2.041241452319315,3.8095703699036836,3.496612976080778,0.25,0.08333333333333333,0.16666666666666666,2,2,0,0.0,0.07154145603999496
129,fixed_broad_birth,96,220,0,4.735164046414533,0.7394447555137929,2.886751345948129,3.679900360969936,4.904824013758602,4.648012318907273,0.3333333333333333,0.2708333333333333,0.16666666666666666,0,0,0,nan,0.14224922517314553
129,measurement_driven_birth,96,550,0,4.5575288017030235,0.6771770657314072,3.8188130791298667,2.3935677693908453,4.215187241780781,4.719396298881157,0.3854166666666667,0.11458333333333333,0.2916666666666667,0,0,0,nan,0.15309229213744402
129,dp_immediate,96,25,0,8.935164037722283,0.3868544700601801,8.838834764831844,1.25,8.031903208020912,9.354143466934854,1.5520833333333333,0.03125,1.5625,9,6,6,9.336723681023155,0.15950981434434652
129,dp_delayed_append,96,82,18,4.521233742471693,0.8061562425472618,3.227486121839514,3.0618621784789726,4.403020947657064,4.579195900848033,0.3125,0.1875,0.20833333333333334,18,0,0,0.6126814530174282,0.20934184920042753
129,dp_delayed_recluster,96,81,18,4.4526988562398095,0.7454487044901053,3.1457643480294792,3.0618621784789726,4.403020947657064,4.477331116165691,0.3229166666666667,0.1875,0.19791666666666666,9,3,0,0.9578364809350912,0.1670911111868918
129,oracle_birth,96,23,0,3.6640326014097426,0.6358471285302117,2.7003086243366083,2.3935677693908453,3.378232802123537,3.7988779821966445,0.23958333333333334,0.11458333333333333,0.14583333333333334,2,2,0,0.0,0.07135422388091683
130,fixed_broad_birth,96,248,0,5.391340997457973,0.970338987607491,2.9755951785595207,4.389855730355308,4.888210815385629,5.626058490495827,0.4583333333333333,0.3854166666666667,0.17708333333333334,0,0,0,nan,0.16341779939830303
130,measurement_driven_birth,96,582,0,4.982009439833909,0.9284851777281407,3.886407938787006,2.9755951785595207,4.7229035881309525,5.106634697773199,0.4375,0.17708333333333334,0.3020833333333333,0,0,0,nan,0.17275507608428597
130,dp_immediate,96,40,0,5.999651977346032,0.7610237726940486,5.400617248673217,2.5,6.033647055422461,5.982581999371522,0.5416666666666666,0.125,0.5833333333333334,11,6,5,4.5075096718636,0.20503821689635515
130,dp_delayed_append,96,89,18,4.743396763103781,0.7904510435336406,3.608439182435161,2.9755951785595207,4.566129265040515,4.829591188268983,0.3958333333333333,0.17708333333333334,0.2604166666666667,18,0,0,0.33344132326045406,0.2148155472241342
130,dp_delayed_recluster,96,89,18,4.740272022049091,0.7714783490295579,3.608439182435161,2.9755951785595207,4.566129265040515,4.8249870499310505,0.3958333333333333,0.17708333333333334,0.2604166666666667,8,2,0,0.9104368300060997,0.1652362127788365
130,oracle_birth,96,27,0,3.893849624803757,0.7607440878843748,2.7003086243366083,2.7003086243366083,3.804773206428168,3.9376322548836,0.2708333333333333,0.14583333333333334,0.14583333333333334,2,2,0,0.0,0.0780906961299479
131,fixed_broad_birth,96,242,0,5.251256448882384,0.7016843724891487,3.8188130791298667,3.5355339059327378,5.772234627187756,4.970331492188478,0.4791666666666667,0.25,0.2916666666666667,0,0,0,nan,0.1500139981508255
131,measurement_driven_birth,96,570,0,4.887885121498351,0.6737365664448892,4.269562819149833,2.282177322938192,5.19083893855232,4.729135967431254,0.4479166666666667,0.10416666666666667,0.3645833333333333,0,0,0,nan,0.15835912805050611
131,dp_immediate,96,40,0,4.886658354059521,0.664778060182275,4.208127057650866,2.3935677693908453,5.3406221739698125,4.643061727071969,0.4479166666666667,0.11458333333333333,0.3541666666666667,14,8,6,1.3080807626686168,0.2229555556550622
131,dp_delayed_append,96,89,19,5.9272386314549905,0.8701481449801668,5.103103630798288,2.886751345948129,6.155971745908696,5.809495900945758,0.6458333333333334,0.16666666666666666,0.5208333333333334,19,0,0,2.410317353658871,0.2139965109527111
131,dp_delayed_recluster,96,87,19,5.6062941904471195,0.8374770941192704,4.677071733467427,2.9755951785595207,6.155971745908696,5.310160803266565,0.5729166666666666,0.17708333333333334,0.4375,7,2,1,3.7787418031746802,0.1563291046768427
131,oracle_birth,96,24,0,4.069604409821685,0.6448617829479222,3.227486121839514,2.3935677693908453,4.5547562211083745,3.803895103942463,0.3229166666666667,0.11458333333333333,0.20833333333333334,2,2,0,0.0,0.07327258680015802
132,fixed_broad_birth,96,238,0,5.059087425320378,0.7709510860195811,3.307189138830738,3.75,4.898011337354156,5.137732071169849,0.4375,0.28125,0.21875,0,0,0,nan,0.15611454099416733
132,measurement_driven_birth,96,603,0,4.896761559997468,0.7353732218872491,3.952847075210474,2.7950849718747373,4.729638770423144,4.978219482290668,0.4270833333333333,0.15625,0.3125,0,0,0,nan,0.17185494676232338
132,dp_immediate,96,39,0,7.024871044317461,0.6248838739770414,6.653633092779714,2.165063509461097,6.635392557617448,7.2117267410164905,0.8541666666666666,0.09375,0.8854166666666666,9,7,6,3.1688533766277347,0.14856040524318814
132,dp_delayed_append,96,94,15,5.559243141018965,0.8347759984768828,4.621056877670591,2.9755951785595207,4.734407056661207,5.928783295278037,0.5416666666666666,0.17708333333333334,0.4270833333333333,15,0,0,0.7208915057943874,0.16125352401286364
132,dp_delayed_recluster,96,94,15,5.114079065924425,0.7955949718249273,4.018187817080398,3.0618621784789726,4.734407056661207,5.293713436682037,0.46875,0.1875,0.3229166666666667,6,2,0,1.324073019057126,0.11867259675636888
132,oracle_birth,96,20,0,4.206709915226809,0.7133780981131562,3.227486121839514,2.6020824993326657,4.013328823400746,4.3001405028128685,0.3020833333333333,0.13541666666666666,0.20833333333333334,2,2,0,0.0,0.058883320074528456
133,fixed_broad_birth,96,227,0,4.9768024309052885,0.9001272704076149,3.0618621784789726,3.8188130791298667,4.7368016932485535,5.092563059385324,0.375,0.2916666666666667,0.1875,0,0,0,nan,0.11167571181431413
133,measurement_driven_birth,96,550,0,4.951931122901439,0.7505254909905343,4.330127018922194,2.282177322938192,5.193122070625864,4.826818242769158,0.4166666666666667,0.10416666666666667,0.375,0,0,0,nan,0.11960696708410978
133,dp_immediate,96,30,0,6.34166973995546,0.7958905435632575,5.951190357119041,2.041241452319315,6.302494034146504,6.361167118601271,0.6875,0.08333333333333333,0.7083333333333334,10,5,4,4.992193101679194,0.13787059905007482
133,dp_delayed_append,96,80,16,4.119810832540102,0.9093997814940535,2.886751345948129,2.7950849718747373,4.407169079785961,3.9683362124398474,0.3020833333333333,0.15625,0.16666666666666666,16,0,0,0.40839418162594526,0.14760534511879086
133,dp_delayed_recluster,96,80,16,4.119003496349869,0.9057353198419005,2.886751345948129,2.7950849718747373,4.407169079785961,3.967078907143511,0.3020833333333333,0.15625,0.16666666666666666,6,2,0,1.497510850159728,0.10880733514204621
133,oracle_birth,96,19,0,3.620922190173304,0.7817144665985396,2.7003086243366083,2.282177322938192,3.593406461746611,3.634601939865356,0.25,0.10416666666666667,0.14583333333333334,2,2,0,0.0,0.054706800263375044
134,fixed_broad_birth,96,224,0,4.961568804779984,0.8116844653142931,3.4610932762158644,3.4610932762158644,4.032090800864486,5.366271461046376,0.4166666666666667,0.23958333333333334,0.23958333333333334,0,0,0,nan,0.11567489430308342
134,measurement_driven_birth,96,601,0,5.006241435629437,0.7637320506214301,4.448782605013046,2.165063509461097,4.210895657566824,5.359837576667977,0.46875,0.09375,0.3958333333333333,0,0,0,nan,0.13058203272521496
134,dp_immediate,96,36,0,7.2915429327154575,0.7499544472606747,6.808389432653413,2.5,8.302832906461573,6.729144104055027,0.9479166666666666,0.125,0.9270833333333334,12,7,6,4.185607764097123,0.16401746403425932
134,dp_delayed_append,96,77,17,4.303991324366585,0.9033316040577188,3.227486121839514,2.7003086243366083,3.842699494923649,4.517005897294247,0.3125,0.14583333333333334,0.20833333333333334,17,0,0,0.9302519134376415,0.16469935281202197
134,dp_delayed_recluster,96,77,17,4.361978933442936,0.8931369151106134,3.307189138830738,2.7003086243366083,3.842699494923649,4.599687013216956,0.3229166666666667,0.14583333333333334,0.21875,6,4,2,1.3034297300273865,0.1197300017811358
134,oracle_birth,96,20,0,3.7544746775684796,0.7445894424689855,2.9755951785595207,2.165063509461097,3.146499311590016,4.024163415896052,0.2708333333333333,0.09375,0.17708333333333334,2,2,0,0.0,0.05778660625219345
135,fixed_broad_birth,96,220,0,5.120686348290823,1.1051826444402777,3.227486121839514,3.8188130791298667,4.695039555399422,5.320756036784191,0.4375,0.2916666666666667,0.20833333333333334,0,0,0,nan,0.10978727322071791
135,measurement_driven_birth,96,555,0,4.925272135467886,0.9059832274476134,4.08248290463863,2.6020824993326657,4.593989872529709,5.082822733302021,0.4270833333333333,0.13541666666666666,0.3333333333333333,0,0,0,nan,0.11958039691671729
135,dp_immediate,96,35,0,6.873933675836297,0.9469939351071109,6.49519052838329,2.041241452319315,7.277190825821595,6.663159394160061,0.8020833333333334,0.08333333333333333,0.84375,12,6,5,4.563222097446764,0.15439078072085977
135,dp_delayed_append,96,84,17,4.413058773538575,1.1162083461608414,3.1457643480294792,2.886751345948129,4.3369786998030735,4.4506111363256515,0.3229166666666667,0.16666666666666666,0.19791666666666666,17,0,0,0.2878286852401525,0.15964651899412274
135,dp_delayed_recluster,96,84,17,4.407061486423838,1.0922565076270414,3.1457643480294792,2.886751345948129,4.3369786998030735,4.44168822593478,0.34375,0.16666666666666666,0.19791666666666666,7,2,0,1.3595899128444988,0.11902593960985541
135,oracle_birth,96,20,0,4.113194523333823,0.8789401876407877,2.886751345948129,2.7950849718747373,3.64886964017575,4.326711101365202,0.3020833333333333,0.15625,0.16666666666666666,2,2,0,0.0,0.056494126096367836
136,fixed_broad_birth,96,212,0,5.031604102797805,0.9153541285344313,3.679900360969936,3.307189138830738,5.257194362419489,4.914927617860706,0.3854166666666667,0.21875,0.2708333333333333,0,0,0,nan,0.10743087809532881
136,measurement_driven_birth,96,567,0,5.105021561477752,0.7351270705255036,4.330127018922194,2.6020824993326657,5.0777871921075795,5.118584406900332,0.4270833333333333,0.13541666666666666,0.375,0,0,0,nan,0.12647823197767138
136,dp_immediate,96,29,0,5.061069337028172,0.7838512832207287,4.677071733467427,1.7677669529663689,6.1796934076666865,4.396285812470639,0.4583333333333333,0.0625,0.4375,10,4,2,0.5683406041677808,0.1391561389900744
136,dp_delayed_append,96,75,16,4.2811934959622215,0.7875813713743448,3.4610932762158644,2.3935677693908453,4.934786903516951,3.9136767538010386,0.3125,0.11458333333333333,0.23958333333333334,16,0,0,1.0549883017698918,0.156822569668293
136,dp_delayed_recluster,96,75,16,4.160193037584641,0.8003370810483883,3.307189138830738,2.3935677693908453,4.934786903516951,3.7127817433011567,0.3125,0.11458333333333333,0.21875,8,2,0,1.8345858766217615,0.12740323785692453
136,oracle_birth,96,24,0,3.6135615006738426,0.7468779814348475,2.886751345948129,2.041241452319315,3.866954244660172,3.4799529470354376,0.25,0.08333333333333333,0.16666666666666666,2,2,0,0.0,0.05827902816236019
137,fixed_broad_birth,96,223,0,4.991539208803762,0.9783303837109194,3.307189138830738,3.608439182435161,5.068121127783531,4.952804218480176,0.4583333333333333,0.2604166666666667,0.21875,0,0,0,nan,0.11056447494775057
137,measurement_driven_birth,96,571,0,4.601791648177994,0.9295086730314764,4.08248290463863,1.9094065395649333,4.569853950045085,4.617677662796502,0.40625,0.07291666666666667,0.3333333333333333,0,0,0,nan,0.12341290805488825
137,dp_immediate,96,29,0,7.1351961258023024,0.6246522395147959,6.846531968814577,1.9094065395649333,6.636626912326665,7.371846935726962,0.90625,0.07291666666666667,0.9375,12,5,4,8.832577514744175,0.15630456758663058
137,dp_delayed_append,96,62,19,4.832368571836007,0.9777283266506299,3.952847075210474,2.6020824993326657,5.498324681173613,4.462274293597504,0.4479166666666667,0.13541666666666666,0.3125,19,0,0,1.249575144865219,0.17712730122730136
137,dp_delayed_recluster,96,61,19,4.982268682465798,0.9298752018126643,4.08248290463863,2.7003086243366083,5.498324681173613,4.703053761825156,0.4791666666666667,0.14583333333333334,0.3333333333333333,10,3,1,1.3974852267841813,0.1362999388948083
137,oracle_birth,96,25,0,3.6137700508201673,0.7478863417691195,2.886751345948129,2.041241452319315,3.6092555661152868,3.6160251796053777,0.25,0.08333333333333333,0.16666666666666666,2,2,0,0.0,0.057956562377512455
138,fixed_broad_birth,96,229,0,4.981038309276182,1.1718543589017065,3.4610932762158644,3.38501600193165,4.555477631569415,5.180726371065234,0.4270833333333333,0.22916666666666666,0.23958333333333334,0,0,0,nan,0.10822884226217866
138,measurement_driven_birth,96,528,0,4.83853486853689,0.703386812060498,4.269562819149833,2.165063509461097,4.722662285612728,4.895442776613422,0.4375,0.09375,0.3645833333333333,0,0,0,nan,0.11241292394697666
138,dp_immediate,96,37,0,7.653986150901986,0.5001706357495042,7.5,1.4433756729740645,7.308403677490307,7.821053243695645,1.125,0.041666666666666664,1.125,12,10,9,7.540514713464358,0.14757528016343713
138,dp_delayed_append,96,79,17,4.4703691898733595,0.8446107745202279,3.38501600193165,2.7950849718747373,4.579115260778307,4.414991818215193,0.34375,0.15625,0.22916666666666666,17,0,0,1.0299184069417169,0.149328273255378
138,dp_delayed_recluster,96,79,17,4.463618124066561,0.8081172094208575,3.38501600193165,2.7950849718747373,4.579115260778307,4.404734027213997,0.34375,0.15625,0.22916666666666666,6,2,0,1.7337980331959613,0.10599504224956036
138,oracle_birth,96,23,0,4.011469980200759,0.6832945207243174,3.307189138830738,2.165063509461097,3.796191647098309,4.114887798267205,0.2916666666666667,0.09375,0.21875,2,2,0,0.0,0.05416923761367798
139,fixed_broad_birth,96,228,0,4.791177392769563,0.7480290607007276,2.9755951785595207,3.679900360969936,4.556665388473077,4.904229958130529,0.3854166666666667,0.2708333333333333,0.17708333333333334,0,0,0,nan,0.11483539873734117
139,measurement_driven_birth,96,561,0,4.619785905671425,0.7135043664246322,3.679900360969936,2.7003086243366083,4.374766858159007,4.737545798167793,0.3541666666666667,0.14583333333333334,0.2708333333333333,0,0,0,nan,0.12618034332990646
139,dp_immediate,96,31,0,7.091179874072709,0.5336965490368444,6.692657668420421,2.282177322938192,6.750559459558746,7.255495951426183,0.8333333333333334,0.10416666666666667,0.8958333333333334,12,5,4,6.7751494355455275,0.15490498673170805
139,dp_delayed_append,96,88,17,4.277273925642786,0.7659888391160192,2.886751345948129,3.0618621784789726,4.551112578836041,4.133557245261718,0.3125,0.1875,0.16666666666666666,17,0,0,0.4719350661516822,0.15628613997250795
139,dp_delayed_recluster,96,89,17,4.276912477724233,0.7639679370103866,2.886751345948129,3.0618621784789726,4.551112578836041,4.1329962086300105,0.3125,0.1875,0.16666666666666666,7,3,0,0.8124335632198434,0.14104139199480414
139,oracle_birth,96,24,0,3.741094782261364,0.6738868623118683,2.7950849718747373,2.3935677693908453,3.3567805280705127,3.919144995783918,0.2708333333333333,0.11458333333333333,0.15625,2,2,0,0.0,0.057287382893264294
140,fixed_broad_birth,96,233,0,4.824507075571433,0.9381019075268352,3.0618621784789726,3.608439182435161,4.4349943226569986,5.007915281068393,0.4270833333333333,0.2604166666666667,0.1875,0,0,0,nan,0.11625120416283607
140,measurement_driven_birth,96,561,0,4.6401822583148,0.8354388409968152,3.8188130791298667,2.5,4.740843018300951,4.589023951068759,0.4166666666666667,0.125,0.2916666666666667,0,0,0,nan,0.12203246494755149
140,dp_immediate,96,37,0,5.7501256087175285,0.8787934053931375,5.0518148554092255,2.6020824993326657,6.070109162029166,5.583261068100658,0.5625,0.13541666666666666,0.5104166666666666,14,6,5,3.545133082756085,0.17218639701604843
140,dp_delayed_append,96,83,16,4.1128505811476375,0.8773292252701536,3.227486121839514,2.3935677693908453,4.25726257762955,4.038708645944541,0.3229166666666667,0.11458333333333333,0.20833333333333334,16,0,0,0.49434649638975386,0.15769280306994915
140,dp_delayed_recluster,96,82,16,4.112414500819776,0.8752826361921238,3.227486121839514,2.3935677693908453,4.25726257762955,4.038042497595419,0.3229166666666667,0.11458333333333333,0.20833333333333334,6,2,0,1.4528815429398905,0.11770938383415341
140,oracle_birth,96,25,0,3.8302837453301235,0.7801112547195798,2.886751345948129,2.3935677693908453,3.607686007379599,3.9368656556566624,0.28125,0.11458333333333333,0.16666666666666666,2,2,0,0.0,0.05790819879621267
141,fixed_broad_birth,96,206,0,4.963928290580915,0.8259847097230256,3.4610932762158644,3.4610932762158644,5.22131817259096,4.830092585171639,0.3541666666666667,0.23958333333333334,0.23958333333333334,0,0,0,nan,0.10805088328197598
141,measurement_driven_birth,96,583,0,4.9498259565614875,0.7365077507511426,4.269562819149833,2.3935677693908453,4.893894280857255,4.9775561156325585,0.4166666666666667,0.11458333333333333,0.3645833333333333,0,0,0,nan,0.1274570389650762
141,dp_immediate,96,29,0,8.13246774290742,1.016299622534135,7.938566201357355,1.4433756729740645,7.8640348098267205,8.263414889684613,1.21875,0.041666666666666664,1.2604166666666667,9,4,3,12.996610192157535,0.1294168159365654
141,dp_delayed_append,96,83,17,5.2651272162058795,0.798893778607983,4.448782605013046,2.7003086243366083,5.499737413254372,5.143810950732235,0.4375,0.14583333333333334,0.3958333333333333,17,0,0,2.0002504099774847,0.16528783971443772
141,dp_delayed_recluster,96,83,17,5.061750695277993,0.788238606734821,4.208127057650866,2.7003086243366083,5.499737413254372,4.827879901607529,0.3958333333333333,0.14583333333333334,0.3541666666666667,8,2,0,2.0482207084508284,0.13267456972971559
141,oracle_birth,96,20,0,3.880116033878972,0.6869986193809641,3.227486121839514,2.041241452319315,4.014105329488357,3.81135538311945,0.2708333333333333,0.08333333333333333,0.20833333333333334,2,2,0,0.0,0.05689794523641467
142,fixed_broad_birth,96,245,0,5.277437496867226,0.8763636231649959,3.75,3.608439182435161,5.519038998904924,5.152390131220033,0.4583333333333333,0.2604166666666667,0.28125,0,0,0,nan,0.1251192530617118
142,measurement_driven_birth,96,595,0,5.168301232167155,0.8183342591837798,4.5069390943299865,2.3935677693908453,5.057111703969123,5.2230084287142455,0.5,0.11458333333333333,0.40625,0,0,0,nan,0.12979199085384607
142,dp_immediate,96,32,0,7.20886193388643,0.6365456635912258,6.884463184107628,2.041241452319315,6.757088687036418,7.424446902666718,0.8645833333333334,0.08333333333333333,0.9479166666666666,12,8,7,5.2337404052088035,0.15412679268047214
142,dp_delayed_append,96,103,14,4.761949638148821,0.8950778492766348,3.8188130791298667,2.7003086243366083,4.923385775785404,4.679143381623981,0.4166666666666667,0.14583333333333334,0.2916666666666667,14,0,0,0.5145343973005785,0.1492412919178605
142,dp_delayed_recluster,96,102,14,4.537186338856302,0.8912873873434912,3.5355339059327378,2.7003086243366083,4.923385775785404,4.331192221739109,0.375,0.14583333333333334,0.25,4,2,0,0.8786546662948321,0.11039532069116831
142,oracle_birth,96,24,0,4.085092937912139,0.7363090234720008,3.227486121839514,2.3935677693908453,3.815129244582409,4.213593583941796,0.3020833333333333,0.11458333333333333,0.20833333333333334,2,2,0,0.0,0.057644410990178585
143,fixed_broad_birth,96,241,0,4.726012023400151,0.9904660411423133,2.9755951785595207,3.5355339059327378,4.935941760004197,4.617469430208231,0.3645833333333333,0.25,0.17708333333333334,0,0,0,nan,0.11856368323788047
143,measurement_driven_birth,96,574,0,4.854724716158583,0.8072703407250708,3.952847075210474,2.7003086243366083,5.225593761948764,4.658230675059216,0.375,0.14583333333333334,0.3125,0,0,0,nan,0.1303506139665842
143,dp_immediate,96,31,0,7.03391217336772,0.7194352850098934,6.692657668420421,2.041241452319315,6.655459729153632,7.215698759703251,0.8333333333333334,0.08333333333333333,0.8958333333333334,13,7,6,11.104716303797112,0.16467165108770132
143,dp_delayed_append,96,66,21,4.455505801504669,1.049538921261027,3.227486121839514,2.886751345948129,4.934629279367397,4.195475522329697,0.375,0.16666666666666666,0.20833333333333334,21,0,0,0.8633788043102276,0.1789745781570673
143,dp_delayed_recluster,96,65,20,4.322212146339596,0.9865011427424721,2.9755951785595207,2.9755951785595207,4.934629279367397,3.9808282674028157,0.3541666666666667,0.17708333333333334,0.17708333333333334,8,3,1,1.1186207885377004,0.13243165286257863
143,oracle_birth,96,24,0,3.5473103644657304,0.7773314320026715,2.7950849718747373,2.041241452319315,3.409411224429678,3.6142874517856836,0.21875,0.08333333333333333,0.15625,2,2,0,0.0,0.05773421609774232
144,fixed_broad_birth,96,246,0,4.80131358497196,0.8104189089001834,3.1457643480294792,3.5355339059327378,4.2323165543688965,5.061883691242021,0.40625,0.25,0.19791666666666666,0,0,0,nan,0.12003407115116715
144,measurement_driven_birth,96,587,0,4.675501585432936,0.7114410788809068,3.8188130791298667,2.6020824993326657,4.557910067398535,4.733201931233484,0.4270833333333333,0.13541666666666666,0.2916666666666667,0,0,0,nan,0.1291992668993771
144,dp_immediate,96,32,0,6.94312667732149,0.5388333607588471,6.653633092779714,1.9094065395649333,6.518596696054901,7.145940151099159,0.8125,0.07291666666666667,0.8854166666666666,14,8,7,11.295840504771474,0.16936033312231302
144,dp_delayed_append,96,91,16,4.042324233686255,0.8458044751874814,2.886751345948129,2.7003086243366083,4.01970152651942,4.053588241819768,0.2916666666666667,0.14583333333333334,0.16666666666666666,16,0,0,0.688509572443678,0.159191754180938
144,dp_delayed_recluster,96,90,15,4.0481358903833,0.8731575957462614,2.886751345948129,2.7003086243366083,4.01970152651942,4.062278436956632,0.2916666666666667,0.14583333333333334,0.16666666666666666,5,2,0,1.5226803236052069,0.11335583683103323
144,oracle_birth,96,21,0,3.5363734452848723,0.7257895547948674,2.5,2.3935677693908453,3.3731020304355632,3.615245090296056,0.23958333333333334,0.11458333333333333,0.125,2,2,0,0.0,0.05896295001730323
145,fixed_broad_birth,96,247,0,4.5677083520074095,0.7426032514056521,3.0618621784789726,3.307189138830738,4.3856803671796225,4.656054471541863,0.3854166666666667,0.21875,0.1875,0,0,0,nan,0.12086601601913571
145,measurement_driven_birth,96,595,0,4.619246366042089,0.7100025752486472,3.886407938787006,2.3935677693908453,4.382042011310205,4.733393010393894,0.4166666666666667,0.11458333333333333,0.3020833333333333,0,0,0,nan,0.1322321929037571
145,dp_immediate,96,37,0,7.141822243969409,0.6962697976523944,6.922186552431729,1.613743060919757,7.332658514294432,7.044465700325118,0.9270833333333334,0.052083333333333336,0.9583333333333334,11,6,5,7.912793331099712,0.1555050117895007
145,dp_delayed_append,96,82,19,4.625561501337804,1.0408262115542846,3.679900360969936,2.6020824993326657,4.953840923892726,4.452354304676403,0.3229166666666667,0.13541666666666666,0.2708333333333333,19,0,0,0.5342889995107925,0.16944048507139087
145,dp_delayed_recluster,96,85,15,4.235987347273155,0.8695336717219532,3.227486121839514,2.6020824993326657,4.953840923892726,3.826893421532696,0.3020833333333333,0.13541666666666666,0.20833333333333334,6,2,0,1.1918790877280565,0.11999385990202427
145,oracle_birth,96,23,0,3.814313575318862,0.6974869539007587,2.886751345948129,2.3935677693908453,3.8133437992210024,3.8147983709187048,0.28125,0.11458333333333333,0.16666666666666666,2,2,0,0.0,0.058917852118611336
146,fixed_broad_birth,96,225,0,5.011601753655267,0.798113695267708,3.608439182435161,3.38501600193165,5.233993371602176,4.896619742115274,0.4270833333333333,0.22916666666666666,0.2604166666666667,0,0,0,nan,0.10858439793810248
146,measurement_driven_birth,96,555,0,5.204518217114766,0.7242305380743558,4.5069390943299865,2.5,5.2203292755553585,5.196594648017973,0.4479166666666667,0.125,0.40625,0,0,0,nan,0.11532844230532646
146,dp_immediate,96,36,0,7.097512955135886,0.6121193905781266,6.808389432653413,1.9094065395649333,6.767895525633412,7.256709329960669,0.875,0.07291666666666667,0.9270833333333334,13,8,7,3.501547360181446,0.15849551279097795
146,dp_delayed_append,96,69,16,4.530675568750759,0.8575281001858468,3.5355339059327378,2.7003086243366083,5.087800100719976,4.224651078073718,0.3125,0.14583333333333334,0.25,16,0,0,0.34413511121666285,0.14903956791386008
146,dp_delayed_recluster,96,72,16,4.465752553041844,0.8198246956919599,3.38501600193165,2.7950849718747373,5.087800100719976,4.119655794487754,0.3229166666666667,0.15625,0.22916666666666666,6,2,0,1.4214636005119503,0.10850178403779864
146,oracle_birth,96,20,0,4.082365320678118,0.7210223839396527,3.1457643480294792,2.5,4.2225200184774225,4.010451628431858,0.28125,0.125,0.19791666666666666,2,2,0,0.0,0.054634620901197195
147,fixed_broad_birth,96,231,0,4.62841578693286,0.7673977869371194,3.1457643480294792,3.307189138830738,4.569239610106746,4.657721947240921,0.3541666666666667,0.21875,0.19791666666666666,0,0,0,nan,0.11131628882139921
147,measurement_driven_birth,96,552,0,4.882886721568555,0.6364611030302735,4.08248290463863,2.6020824993326657,4.878577626051664,4.885039843931657,0.4479166666666667,0.13541666666666666,0.3333333333333333,0,0,0,nan,0.12080093799158931
147,dp_immediate,96,31,0,7.058643063941655,0.5876012572016562,6.73145600891813,2.041241452319315,6.8641494782194865,7.153907241957154,0.8645833333333334,0.08333333333333333,0.90625,11,5,4,7.012071697980178,0.13855750486254692
147,dp_delayed_append,96,71,16,4.461129534413712,0.7942565010656019,3.4610932762158644,2.7003086243366083,4.3933274525562025,4.494647041930598,0.3854166666666667,0.14583333333333334,0.23958333333333334,16,0,0,0.9909777342713812,0.14666900085285306
147,dp_delayed_recluster,96,70,15,4.091848300422596,0.7729095550825812,3.0618621784789726,2.6020824993326657,4.3933274525562025,3.932450980980557,0.3229166666666667,0.13541666666666666,0.1875,6,2,0,1.4546003846319713,0.11232274770736694
147,oracle_birth,96,22,0,3.6673459809417897,0.6546703067930937,2.7950849718747373,2.282177322938192,3.799251567438827,3.5995810283353333,0.2604166666666667,0.10416666666666667,0.15625,2,2,0,0.0,0.05625130934640765
148,fixed_broad_birth,96,237,0,5.2078179062908925,1.0390864633982053,3.307189138830738,3.886407938787006,4.799982953229432,5.400197481757451,0.4583333333333333,0.3020833333333333,0.21875,0,0,0,nan,0.11301025515422225
148,measurement_driven_birth,96,540,0,4.955481472350247,0.7736040909103565,4.330127018922194,2.282177322938192,4.586367429483037,5.1300888720468025,0.4583333333333333,0.10416666666666667,0.375,0,0,0,nan,0.11516130995005369
148,dp_immediate,96,35,0,8.193708051922343,1.425722614490757,7.772815877574012,2.165063509461097,8.474333590733446,8.04972748338035,1.1354166666666667,0.09375,1.2083333333333333,12,6,6,7.741402983135822,0.1481178579851985
148,dp_delayed_append,96,72,18,4.38484719100675,0.9988584593490321,3.1457643480294792,2.886751345948129,4.595945278535698,4.275391307362683,0.34375,0.16666666666666666,0.19791666666666666,18,0,0,0.676284978626788,0.16106143407523632
148,dp_delayed_recluster,96,72,18,4.36952722405532,0.9293016168574803,3.1457643480294792,2.886751345948129,4.595945278535698,4.251799118137356,0.34375,0.16666666666666666,0.19791666666666666,7,2,0,1.21332409993842,0.11853641085326672
148,oracle_birth,96,19,0,3.620069900420423,0.7777570854257357,2.7950849718747373,2.165063509461097,2.9109741853670617,3.9268911077286304,0.25,0.09375,0.15625,2,2,0,0.0,0.05316035682335496
149,fixed_broad_birth,96,222,0,5.162300986083053,1.0623173431610378,3.0618621784789726,4.018187817080398,5.1524720842943825,5.16720842589639,0.4895833333333333,0.3229166666666667,0.1875,0,0,0,nan,0.1127986260689795
149,measurement_driven_birth,96,548,0,4.854323786604015,0.8048557377088568,3.886407938787006,2.7950849718747373,5.048850898443803,4.754076297286982,0.4375,0.15625,0.3020833333333333,0,0,0,nan,0.12211273703724146
149,dp_immediate,96,31,0,7.195673746233554,1.1211098647775333,6.73145600891813,2.282177322938192,6.87836753850779,7.349191179711778,0.84375,0.10416666666666667,0.90625,14,6,5,2.9292618739935197,0.16571883019059896
149,dp_delayed_append,96,90,18,4.4954876859070465,0.9688014248588609,3.1457643480294792,3.0618621784789726,4.58315495359938,4.4510065869263284,0.3645833333333333,0.1875,0.19791666666666666,18,0,0,0.8947763892764474,0.15342394215986133
149,dp_delayed_recluster,96,91,15,4.540680503854645,0.9089074603165102,3.1457643480294792,3.1457643480294792,4.58315495359938,4.519293583379735,0.375,0.19791666666666666,0.19791666666666666,5,2,0,1.4268523804074769,0.10694388300180435
149,oracle_birth,96,20,0,3.8942994726139544,0.7630432812547332,2.7950849718747373,2.6020824993326657,3.8182426978886634,3.9317761792365467,0.2708333333333333,0.13541666666666666,0.15625,2,2,0,0.0,0.056069925893098116
150,fixed_broad_birth,96,239,0,4.658641822547743,0.9325289794197436,2.9755951785595207,3.4610932762158644,5.0705894448907785,4.438352936266736,0.3958333333333333,0.23958333333333334,0.17708333333333334,0,0,0,nan,0.1144978990778327
150,measurement_driven_birth,96,541,0,4.5850726463241696,0.842847063274304,3.886407938787006,2.282177322938192,4.908479387905096,4.414493380599928,0.40625,0.10416666666666667,0.3020833333333333,0,0,0,nan,0.11814936809241772
150,dp_immediate,96,29,0,6.909478879254081,0.5874223774465073,6.692657668420421,1.613743060919757,6.511336414325058,7.100182858492421,0.84375,0.052083333333333336,0.8958333333333334,12,5,4,6.473393894345764,0.14109035581350327
150,dp_delayed_append,96,89,18,4.78279006857362,1.000040419206369,3.886407938787006,2.6020824993326657,4.751148933227516,4.798532397224718,0.3958333333333333,0.13541666666666666,0.3020833333333333,18,0,0,0.7002758676497822,0.1445435849018395
150,dp_delayed_recluster,96,93,14,4.497943708842957,0.980134824698419,3.4610932762158644,2.7003086243366083,4.751148933227516,4.365837642311658,0.3645833333333333,0.14583333333333334,0.23958333333333334,4,2,0,0.8304926669486279,0.10081836301833391
150,oracle_birth,96,21,0,3.495379671033662,0.8714044476258188,2.5,2.282177322938192,3.65118241510278,3.4148136190479272,0.22916666666666666,0.10416666666666667,0.125,2,2,0,0.0,0.05497707799077034
151,fixed_broad_birth,96,229,0,4.458919765163747,0.7817494092320109,2.886751345948129,3.307189138830738,4.580208767004457,4.3970208134121505,0.34375,0.21875,0.16666666666666666,0,0,0,nan,0.11665571387857199
151,measurement_driven_birth,96,581,0,4.452899863703768,0.7466484198333896,3.608439182435161,2.5,4.575670103908733,4.390227482073961,0.3854166666666667,0.125,0.2604166666666667,0,0,0,nan,0.1287033287808299
151,dp_immediate,96,32,0,8.239871181518504,0.4326011496584473,8.036375634160796,1.7677669529663689,7.718102122111511,8.488737565053924,1.2291666666666667,0.0625,1.2916666666666667,14,6,5,7.913002680663495,0.16864838963374496
151,dp_delayed_append,96,91,16,4.225741507355261,0.8181633620403179,2.9755951785595207,2.886751345948129,4.402292335904882,4.134640011548072,0.3020833333333333,0.16666666666666666,0.17708333333333334,16,0,0,0.6950631534433878,0.16208460787311196
151,dp_delayed_recluster,96,91,16,4.218163870513295,0.7780786840054814,2.9755951785595207,2.886751345948129,4.402292335904882,4.123017190404633,0.3020833333333333,0.16666666666666666,0.17708333333333334,5,2,0,1.368543879006718,0.11454271664842963
151,oracle_birth,96,22,0,3.6728354712633884,0.6847532881536428,2.7950849718747373,2.282177322938192,3.378463055482425,3.811505514862338,0.2604166666666667,0.10416666666666667,0.15625,2,2,0,0.0,0.06010897923260927
152,fixed_broad_birth,96,235,0,5.42403711753246,0.8799689307222801,3.5355339059327378,4.018187817080398,4.586922974092341,5.79744226305245,0.4479166666666667,0.3229166666666667,0.25,0,0,0,nan,0.12102908222004771
152,measurement_driven_birth,96,554,0,4.690400383452901,0.8035478146497864,3.886407938787006,2.5,4.229492681059696,4.9046385663037295,0.3645833333333333,0.125,0.3020833333333333,0,0,0,nan,0.124632537830621
152,dp_immediate,96,39,0,7.352652084364909,0.6447164806194282,6.997023176561111,2.165063509461097,6.6527962122528095,7.678697173980153,0.90625,0.09375,0.9791666666666666,12,7,6,8.669972544463608,0.1604694901034236
152,dp_delayed_append,96,80,16,4.534370291986678,0.8768393685189366,3.38501600193165,2.886751345948129,4.425508721399392,4.587832516089268,0.3125,0.16666666666666666,0.22916666666666666,16,0,0,0.4351379907485996,0.1543907909654081
152,dp_delayed_recluster,96,80,15,4.408712097478545,0.8286991966049398,3.227486121839514,2.886751345948129,4.425508721399392,4.400289742288508,0.2916666666666667,0.16666666666666666,0.20833333333333334,5,2,0,1.888507355755972,0.11436899472028017
152,oracle_birth,96,24,0,3.898803331974462,0.7857061079575711,2.886751345948129,2.5,3.624192130529379,4.029096279890468,0.25,0.125,0.16666666666666666,2,2,0,0.0,0.05966961616650224
153,fixed_broad_birth,96,226,0,5.733778083354554,0.7645550617779969,4.269562819149833,3.75,5.798325198008002,5.701230491114025,0.5,0.28125,0.3645833333333333,0,0,0,nan,0.1157949659973383
153,measurement_driven_birth,96,564,0,5.633311515318187,0.6958438248748694,4.841229182759271,2.7950849718747373,5.356577786335897,5.766700542978726,0.5625,0.15625,0.46875,0,0,0,nan,0.1265779030509293
153,dp_immediate,96,31,0,5.167563246782247,0.8136603977262351,4.330127018922194,2.7003086243366083,5.241183183011184,5.130357130385993,0.4583333333333333,0.14583333333333334,0.375,9,6,4,0.8354877115246127,0.1357673555612564
153,dp_delayed_append,96,73,17,5.4222078989243405,0.8686225681066426,4.5069390943299865,2.886751345948129,5.2274913939695935,5.516989633099122,0.4895833333333333,0.16666666666666666,0.40625,17,0,0,0.5754459648940247,0.16326913377270103
153,dp_delayed_recluster,96,75,19,5.222604694442263,0.8444523636122839,4.208127057650866,2.9755951785595207,5.2274913939695935,5.220159629226149,0.4270833333333333,0.17708333333333334,0.3541666666666667,9,3,1,1.6998331221842369,0.12770705623552203
153,oracle_birth,96,19,0,4.507344654145624,0.7242162415939501,3.5355339059327378,2.7003086243366083,4.583880231671076,4.468585319508878,0.375,0.14583333333333334,0.25,2,2,0,0.0,0.05579919833689928
154,fixed_broad_birth,96,237,0,5.177177602868301,0.8726403984313947,3.1457643480294792,4.018187817080398,5.638155587553068,4.93055297940645,0.4791666666666667,0.3229166666666667,0.19791666666666666,0,0,0,nan,0.12280282843858004
154,measurement_driven_birth,96,579,0,4.8050488944625664,0.8322629060835268,3.886407938787006,2.7003086243366083,5.04887833871093,4.678371092347387,0.40625,0.14583333333333334,0.3020833333333333,0,0,0,nan,0.13142519490793347
154,dp_immediate,96,41,0,6.414704946779734,0.7234912260977283,5.543389456520863,3.1457643480294792,6.868703638069592,6.1752015754585186,0.6666666666666666,0.19791666666666666,0.6145833333333334,15,7,6,4.353184463969855,0.17617915011942387
154,dp_delayed_append,96,74,19,4.90561923503089,0.7922121427402192,3.307189138830738,3.5355339059327378,5.904270604695841,4.320583806839057,0.40625,0.25,0.21875,19,0,0,0.6280561725252026,0.18081720685586333
154,dp_delayed_recluster,96,74,20,4.915184622223257,0.8494350302053608,3.307189138830738,3.5355339059327378,5.904270604695841,4.336859937682133,0.40625,0.25,0.21875,11,3,0,1.0121184374306365,0.15479721408337355
154,oracle_birth,96,28,0,4.030663168297795,0.7881913322743502,2.7003086243366083,2.886751345948129,4.201853165493841,3.9422814907390005,0.2708333333333333,0.16666666666666666,0.14583333333333334,2,2,0,0.0,0.06339740986004472
155,fixed_broad_birth,96,234,0,5.55530418053385,0.8081282106965025,3.608439182435161,4.14578098794425,5.634462557153936,5.515298963193243,0.5208333333333334,0.34375,0.2604166666666667,0,0,0,nan,0.12047207076102495
155,measurement_driven_birth,96,571,0,5.303818369854719,0.7254809671808805,4.389855730355308,2.886751345948129,5.044976328398477,5.4286131630060055,0.46875,0.16666666666666666,0.3854166666666667,0,0,0,nan,0.13091212091967463
155,dp_immediate,96,38,0,7.515307753590835,0.47942739928222594,7.216878364870322,2.041241452319315,6.636440221962811,7.918245167771131,1.0,0.08333333333333333,1.0416666666666667,12,10,9,8.118263913026748,0.16114174481481314
155,dp_delayed_append,96,70,17,4.913093175835055,0.8372482036033218,3.75,3.0618621784789726,4.8912925624034616,4.9239572871973385,0.4270833333333333,0.1875,0.28125,17,0,0,1.4896908865371596,0.16807331191375852
155,dp_delayed_recluster,96,71,17,4.746466904280223,0.8086705592684059,3.5355339059327378,3.0618621784789726,4.8912925624034616,4.672370987478359,0.4166666666666667,0.1875,0.25,8,2,0,1.483209346866868,0.12848460907116532
155,oracle_birth,96,20,0,3.8836937681368733,0.7069257042517632,3.1457643480294792,2.165063509461097,3.802337110588548,3.9237395652257994,0.2916666666666667,0.09375,0.19791666666666666,2,2,0,0.0,0.05907570105046034
156,fixed_broad_birth,96,229,0,5.082970780616737,0.9146540092316474,3.4610932762158644,3.608439182435161,5.238691062723593,5.003293506239192,0.3958333333333333,0.2604166666666667,0.23958333333333334,0,0,0,nan,0.12320774886757135
156,measurement_driven_birth,96,587,0,5.018453272096086,0.8400634366196666,4.269562819149833,2.5,4.5779287296181135,5.224805655676239,0.4270833333333333,0.125,0.3645833333333333,0,0,0,nan,0.13242588425055146
156,dp_immediate,96,34,0,6.8763980518472785,0.9647193896581401,6.574889099191458,1.7677669529663689,6.273754337194671,7.15872045196899,0.8020833333333334,0.0625,0.8645833333333334,10,8,7,6.456785636700952,0.1483807540498674
156,dp_delayed_append,96,74,18,4.375167946273235,0.9554726010881169,3.38501600193165,2.6020824993326657,4.246552188145791,4.438078310915912,0.34375,0.13541666666666666,0.22916666666666666,18,0,0,0.5661570861303791,0.16860368102788925
156,dp_delayed_recluster,96,76,18,4.385190281256612,1.0003635020135337,3.38501600193165,2.6020824993326657,4.246552188145791,4.452890966655064,0.34375,0.13541666666666666,0.22916666666666666,6,3,0,0.6831538180854702,0.12172636389732361
156,oracle_birth,96,26,0,3.8825309282192597,0.7005091542912006,3.1457643480294792,2.165063509461097,3.1285828416714723,4.209163137046138,0.2916666666666667,0.09375,0.19791666666666666,2,2,0,0.0,0.06059019500389695
157,fixed_broad_birth,96,231,0,4.6761907245504215,0.7159560221862293,3.0618621784789726,3.4610932762158644,4.545748721006819,4.740065803476733,0.3854166666666667,0.23958333333333334,0.1875,0,0,0,nan,0.11265391809865832
157,measurement_driven_birth,96,553,0,4.630804152762058,1.0638830298666866,3.75,2.5,4.713595912445258,4.588848160371747,0.40625,0.125,0.28125,0,0,0,nan,0.12236156174913049
157,dp_immediate,96,31,0,4.688421972981729,0.7919178808886801,3.8188130791298667,2.6020824993326657,5.193872924491048,4.414044960942993,0.40625,0.13541666666666666,0.2916666666666667,13,4,1,1.1353687526957668,0.1643314566463232
157,dp_delayed_append,96,92,15,4.1498592081170615,0.744758202725758,3.0618621784789726,2.7003086243366083,4.203696776348023,4.122676785421284,0.3333333333333333,0.14583333333333334,0.1875,15,0,0,0.9009452734505867,0.1450541247613728
157,dp_delayed_recluster,96,91,15,4.018003671129183,0.7206618494187037,2.886751345948129,2.7003086243366083,4.203696776348023,3.921861414949794,0.3125,0.14583333333333334,0.16666666666666666,5,2,0,1.2750061102553907,0.10692759929224849
157,oracle_birth,96,29,0,3.803863479132378,0.6378693971943451,2.7950849718747373,2.5,3.795333731669486,3.808121188255634,0.28125,0.125,0.15625,2,2,0,0.0,0.058889239095151424
158,fixed_broad_birth,96,225,0,4.883848288380211,0.9671129392411433,3.1457643480294792,3.608439182435161,5.217752839689635,4.708023875027275,0.4166666666666667,0.2604166666666667,0.19791666666666666,0,0,0,nan,0.11390964174643159
158,measurement_driven_birth,96,567,0,4.613061454969176,0.6685825708085715,3.8188130791298667,2.5,4.724067854231743,4.556544242656999,0.3958333333333333,0.125,0.2916666666666667,0,0,0,nan,0.12099819583818316
158,dp_immediate,96,33,0,6.398209398452283,0.9126427777484777,5.863019699779287,2.3935677693908453,6.173061349384352,6.5078630938298945,0.6979166666666666,0.11458333333333333,0.6875,8,6,6,5.527015698219145,0.12070003570988774
158,dp_delayed_append,96,80,18,5.94879231106176,1.0065435709136055,5.153882032022076,2.7950849718747373,5.659564712599931,6.0882557906323305,0.625,0.15625,0.53125,18,0,0,1.5394394812016525,0.1670123222284019
158,dp_delayed_recluster,96,76,18,5.435258849205698,0.9466812687148272,4.5069390943299865,2.886751345948129,5.659564712599931,5.319560298441038,0.53125,0.16666666666666666,0.40625,7,3,1,2.2521084297187737,0.12231499189510942
158,oracle_birth,96,23,0,3.8112277419250953,0.6804093626776894,2.7950849718747373,2.5,3.8117103424974053,3.810986418721319,0.2604166666666667,0.125,0.15625,2,2,0,0.0,0.05705320928245783
159,fixed_broad_birth,96,229,0,4.389677838071286,0.7206049694903564,2.886751345948129,3.227486121839514,4.396692658706241,4.386166220689843,0.3333333333333333,0.20833333333333334,0.16666666666666666,0,0,0,nan,0.11417076596990228
159,measurement_driven_birth,96,541,0,4.4407290742851195,0.6702547111866042,3.5355339059327378,2.6020824993326657,4.390144510981424,4.46580649526506,0.3645833333333333,0.13541666666666666,0.25,0,0,0,nan,0.1191740040667355
159,dp_immediate,96,34,0,5.987358061229619,0.6571072109668548,5.448623679425842,2.3935677693908453,6.03307918432681,5.964366069238057,0.5833333333333334,0.11458333333333333,0.59375,12,5,4,4.4239010915630494,0.15311700897291303
159,dp_delayed_append,96,83,16,4.113717766664479,0.881385574216898,2.7950849718747373,2.886751345948129,4.210021302244234,4.0647104586896905,0.28125,0.16666666666666666,0.15625,16,0,0,0.48470356502794265,0.14944039331749082
159,dp_delayed_recluster,96,83,16,4.022078389916211,0.7430441269742857,2.7003086243366083,2.886751345948129,4.210021302244234,3.9247333895783734,0.2708333333333333,0.16666666666666666,0.14583333333333334,6,2,0,0.9653398656481302,0.11094941617920995
159,oracle_birth,96,24,0,3.665785551441328,0.6458717951905526,2.7003086243366083,2.3935677693908453,3.380271430973002,3.8005076095447916,0.2604166666666667,0.11458333333333333,0.14583333333333334,2,2,0,0.0,0.05614238511770964
160,fixed_broad_birth,96,233,0,4.815097137208468,1.1446224009485326,3.227486121839514,3.38501600193165,4.403367718555631,5.0082848390163335,0.4166666666666667,0.22916666666666666,0.20833333333333334,0,0,0,nan,0.11688373796641827
160,measurement_driven_birth,96,570,0,4.90570470597435,0.792741232823729,4.14578098794425,2.5,4.73604206612904,4.9883725569825295,0.46875,0.125,0.34375,0,0,0,nan,0.12821149686351418
160,dp_immediate,96,42,0,6.455075969807808,0.7226150030665539,5.994789404140899,2.282177322938192,6.027733003298528,6.658470251075555,0.71875,0.10416666666666667,0.71875,10,8,6,5.21296214616947,0.14753007097169757
160,dp_delayed_append,96,95,16,5.311855258853547,0.7820739251141251,4.389855730355308,2.886751345948129,4.403481823879647,5.712125992123766,0.5104166666666666,0.16666666666666666,0.3854166666666667,16,0,0,0.4763668712221024,0.15695186518132687
160,dp_delayed_recluster,96,99,17,5.0198950933310345,0.8486342447617347,4.08248290463863,2.7950849718747373,4.403481823879647,5.301291732724607,0.4270833333333333,0.15625,0.3333333333333333,8,2,0,1.4667086486784147,0.12495707767084241
160,oracle_birth,96,24,0,3.824122751412564,0.749276195985966,2.9755951785595207,2.282177322938192,3.387595076214438,4.024670424595118,0.28125,0.10416666666666667,0.17708333333333334,2,2,0,0.0,0.05912709794938564
161,fixed_broad_birth,96,235,0,5.30230629326399,0.7143426075212357,3.5355339059327378,3.886407938787006,5.06570006864337,5.416735128161025,0.4895833333333333,0.3020833333333333,0.25,0,0,0,nan,0.1306750737130642
161,measurement_driven_birth,96,618,0,5.153425315383322,0.7184189686854238,4.389855730355308,2.6020824993326657,5.372751151214426,5.040184644972104,0.4791666666666667,0.13541666666666666,0.3854166666666667,0,0,0,nan,0.14556705998256803
161,dp_immediate,96,26,0,7.130567256785277,0.5693470560255641,6.808389432653413,2.041241452319315,6.869291075177353,7.257678979367429,0.8645833333333334,0.08333333333333333,0.9270833333333334,12,2,1,13.428922245398173,0.16518119908869267
161,dp_delayed_append,96,84,20,4.798118393486898,0.7912690974529206,3.8188130791298667,2.7950849718747373,4.901595354279896,4.745533865470439,0.3854166666666667,0.15625,0.2916666666666667,20,0,0,1.344198358906826,0.19547659205272794
161,dp_delayed_recluster,96,85,19,4.6402571239236785,0.8358545583958479,3.608439182435161,2.7950849718747373,4.900269291991628,4.50462647698659,0.3541666666666667,0.15625,0.2604166666666667,7,2,0,1.9943800806228622,0.1344835590571165
161,oracle_birth,96,25,0,4.065516595230383,0.6185400979405574,3.307189138830738,2.282177322938192,4.006500199508722,4.094705832512118,0.3229166666666667,0.10416666666666667,0.21875,2,2,0,0.0,0.06270703813061118
162,fixed_broad_birth,96,239,0,4.995619140766511,0.9989380692812755,3.1457643480294792,3.75,5.489927934087745,4.729129046521213,0.4166666666666667,0.28125,0.19791666666666666,0,0,0,nan,0.11555034713819623
162,measurement_driven_birth,96,552,0,4.674128655673534,0.7023617466247797,4.08248290463863,2.165063509461097,4.548543621508587,4.735672443940722,0.40625,0.09375,0.3333333333333333,0,0,0,nan,0.11976665677502751
162,dp_immediate,96,31,0,7.230062697673642,0.8433899526860943,6.808389432653413,2.282177322938192,6.857481450916801,7.409330873540727,0.8645833333333334,0.10416666666666667,0.9270833333333334,13,6,5,7.466248121081863,0.1534673380665481
162,dp_delayed_append,96,71,20,5.439984916892766,0.9734487981848173,4.448782605013046,2.9755951785595207,4.549908566723319,5.834322570895448,0.4895833333333333,0.17708333333333334,0.3958333333333333,20,0,0,1.4567408687274275,0.16474025417119265
162,dp_delayed_recluster,96,70,19,4.989591383070893,0.9683433464851066,3.952847075210474,2.886751345948129,4.549908566723319,5.195497981161367,0.4166666666666667,0.16666666666666666,0.3125,9,2,0,1.6978193812705553,0.12235206784680486
162,oracle_birth,96,23,0,3.675500978436349,0.6989092281213821,2.886751345948129,2.165063509461097,3.585308682738086,3.719777142312599,0.23958333333333334,0.09375,0.16666666666666666,2,2,0,0.0,0.05418567406013608
163,fixed_broad_birth,96,230,0,4.77705466186913,0.9722403213637998,2.7003086243366083,3.8188130791298667,4.957546644330212,4.684201372525897,0.375,0.2916666666666667,0.14583333333333334,0,0,0,nan,0.10763649782165885
163,measurement_driven_birth,96,532,0,4.642095654002149,0.8460016120388293,3.75,2.6020824993326657,4.782872156847956,4.570081515354265,0.375,0.13541666666666666,0.28125,0,0,0,nan,0.11669369088485837
163,dp_immediate,96,40,0,5.665029196302729,0.9179083804837718,4.894725051862804,2.7003086243366083,5.822601586563128,5.584575997738752,0.5416666666666666,0.14583333333333334,0.4791666666666667,13,7,6,3.9379310158029965,0.16332916403189301
163,dp_delayed_append,96,80,19,4.793037170046745,1.047952915664491,3.4610932762158644,3.1457643480294792,4.968970546934672,4.702602877345953,0.3541666666666667,0.19791666666666666,0.23958333333333334,19,0,0,0.8534819647257548,0.16581240063533187
163,dp_delayed_recluster,96,81,18,4.558503982935904,0.9941287118758011,3.1457643480294792,3.1457643480294792,4.968970546934672,4.338732959691301,0.3125,0.19791666666666666,0.19791666666666666,7,3,1,1.2953356453221314,0.12253940012305975
163,oracle_birth,96,17,0,3.9672964609083334,0.7970411169250428,2.886751345948129,2.6020824993326657,3.824102816957543,4.0369890556914285,0.2604166666666667,0.13541666666666666,0.16666666666666666,2,2,0,0.0,0.055336388759315014
164,fixed_broad_birth,96,211,0,4.994278888712034,0.9922138302308534,3.38501600193165,3.5355339059327378,4.884589759882935,5.048229775493134,0.3958333333333333,0.25,0.22916666666666666,0,0,0,nan,0.10731770703569055
164,measurement_driven_birth,96,536,0,4.855850042833003,0.8140104248807944,4.08248290463863,2.5,4.392968375225829,5.071472555861344,0.4375,0.125,0.3333333333333333,0,0,0,nan,0.1178523488342762
164,dp_immediate,96,36,0,7.070481326627768,0.7159186570591017,6.653633092779714,2.282177322938192,6.648372570406403,7.27235383956404,0.84375,0.10416666666666667,0.8854166666666666,13,10,9,5.268746064405267,0.15907802199944854
164,dp_delayed_append,96,76,18,4.705428140225224,1.1435561418181803,3.679900360969936,2.7003086243366083,4.725677289718865,4.695270817636913,0.3958333333333333,0.14583333333333334,0.2708333333333333,18,0,0,0.5209354798341551,0.15378535678610206
164,dp_delayed_recluster,96,75,17,4.562108942022827,1.010530223307532,3.5355339059327378,2.7003086243366083,4.725677289718865,4.478084866887254,0.375,0.14583333333333334,0.25,4,2,0,2.1908826239828834,0.10186810605227947
164,oracle_birth,96,16,0,3.8946992983664215,0.7650812318718603,2.9755951785595207,2.3935677693908453,3.587751421122834,4.039436075389656,0.2708333333333333,0.11458333333333333,0.17708333333333334,2,2,0,0.0,0.05425398610532284
165,fixed_broad_birth,96,239,0,5.023676074874157,1.130923504013279,3.227486121839514,3.679900360969936,4.001371580177907,5.46356062440665,0.4375,0.2708333333333333,0.20833333333333334,0,0,0,nan,0.1232684999704361
165,measurement_driven_birth,96,576,0,4.989083432454742,0.6417061861379554,4.08248290463863,2.7950849718747373,3.997967147251456,5.417061896336483,0.46875,0.15625,0.3333333333333333,0,0,0,nan,0.12864882685244083
165,dp_immediate,96,31,0,7.090155634398661,0.5199104922917681,6.7700320038633,2.041241452319315,6.630089855510414,7.309337496238736,0.875,0.08333333333333333,0.9166666666666666,8,6,5,9.218400150392297,0.12666155910119414
165,dp_delayed_append,96,90,18,4.280675739481987,0.7847620360697402,3.1457643480294792,2.7950849718747373,4.006450757558151,4.411400383496758,0.3333333333333333,0.15625,0.19791666666666666,18,0,0,0.4122309518503585,0.17181197181344032
165,dp_delayed_recluster,96,89,16,4.275430987584342,0.7556300657485073,3.1457643480294792,2.7950849718747373,4.006450757558151,4.403764453058939,0.3333333333333333,0.15625,0.19791666666666666,6,2,0,1.8536990547756684,0.11741822492331266
165,oracle_birth,96,21,0,3.742047582229784,0.6791564186585458,2.7950849718747373,2.3935677693908453,3.354487569490134,3.9214903716030896,0.2708333333333333,0.11458333333333333,0.15625,2,2,0,0.0,0.05817408999428153
166,fixed_broad_birth,96,231,0,5.078731781166516,1.1464509751246006,3.307189138830738,3.679900360969936,5.066658138492856,5.084757851792775,0.4270833333333333,0.2708333333333333,0.21875,0,0,0,nan,0.11233003856614232
166,measurement_driven_birth,96,568,0,4.799991944024327,0.8025517611750049,4.08248290463863,2.3935677693908453,4.746801967792115,4.826367115474134,0.4270833333333333,0.11458333333333333,0.3333333333333333,0,0,0,nan,0.1193920117802918
166,dp_immediate,96,36,0,4.6820834629588814,0.7534844971506481,4.018187817080398,2.282177322938192,4.221319945724058,4.896231948047975,0.3854166666666667,0.10416666666666667,0.3229166666666667,8,5,3,0.7734995031223844,0.12303304485976696
166,dp_delayed_append,96,75,18,4.5352674129482216,0.8814668685114557,3.38501600193165,2.886751345948129,5.069646057698186,4.242914114763308,0.3541666666666667,0.16666666666666666,0.22916666666666666,18,0,0,1.3951825543342269,0.1679980680346489
166,dp_delayed_recluster,96,73,19,4.590281226927085,0.8707363219018875,3.38501600193165,2.9755951785595207,5.0660911408999905,4.332826201160873,0.3645833333333333,0.17708333333333334,0.22916666666666666,10,2,0,1.6933481123816587,0.13671244168654084
166,oracle_birth,96,27,0,3.8180747768354446,0.7177708558495732,3.0618621784789726,2.165063509461097,3.5960922988592054,3.9243601505599996,0.2604166666666667,0.09375,0.1875,2,2,0,0.0,0.05692621786147356
167,fixed_broad_birth,96,234,0,5.096857550050557,0.9889170266040347,3.227486121839514,3.8188130791298667,5.194274540293476,5.0474440391440245,0.4791666666666667,0.2916666666666667,0.20833333333333334,0,0,0,nan,0.11776893399655819
167,measurement_driven_birth,96,571,0,4.572036219331126,0.7687751237362306,3.886407938787006,2.282177322938192,4.5420518545696575,4.586954900749914,0.40625,0.10416666666666667,0.3020833333333333,0,0,0,nan,0.12849687691777945
167,dp_immediate,96,31,0,7.0573144668200065,0.5714200004552635,6.73145600891813,2.041241452319315,6.631036091733531,7.261075085718649,0.8645833333333334,0.08333333333333333,0.90625,13,7,6,7.797520757843356,0.19929363019764423
167,dp_delayed_append,96,70,18,4.246965964001162,0.9215312796559421,3.307189138830738,2.5,4.370519724281864,4.1838210428874785,0.34375,0.125,0.21875,18,0,0,0.7909775705088772,0.206515746191144
167,dp_delayed_recluster,96,68,18,4.243986808259249,0.9077026102631468,3.307189138830738,2.5,4.370519724281864,4.179283995237628,0.34375,0.125,0.21875,8,2,0,1.34730848030462,0.12557527981698513
167,oracle_birth,96,21,0,3.755485041626965,0.7496674137357328,2.7950849718747373,2.3935677693908453,3.5819569385924646,3.8393090643839134,0.2708333333333333,0.11458333333333333,0.15625,2,2,0,0.0,0.058289445005357265
168,fixed_broad_birth,96,229,0,4.739461617749198,0.7664831544905885,2.886751345948129,3.679900360969936,4.726810023215665,4.745774767241986,0.375,0.2708333333333333,0.16666666666666666,0,0,0,nan,0.11292471596971154
168,measurement_driven_birth,96,548,0,4.617571587484028,0.6990236277883879,3.75,2.6020824993326657,4.54337699487515,4.654225369438967,0.375,0.13541666666666666,0.28125,0,0,0,nan,0.12021160870790482
168,dp_immediate,96,31,0,6.001606216645449,0.7762799192370169,5.543389456520863,2.165063509461097,6.14135721192139,5.930495895564427,0.5833333333333334,0.09375,0.6145833333333334,11,3,2,2.896207753269412,0.1459392411634326
168,dp_delayed_append,96,83,16,4.102308549337423,0.8264999096391852,2.9755951785595207,2.7003086243366083,4.3857358644498134,3.9529816107072517,0.28125,0.14583333333333334,0.17708333333333334,16,0,0,0.4114303851314226,0.1485856929793954
168,dp_delayed_recluster,96,83,16,4.1133982599611665,0.8798931251681755,2.9755951785595207,2.7003086243366083,4.3857358644498134,3.9702302617375547,0.28125,0.14583333333333334,0.17708333333333334,5,2,0,1.3489918085570967,0.10684467386454344
168,oracle_birth,96,23,0,3.6662196195192363,0.6483309071874023,2.7950849718747373,2.282177322938192,3.7897256046363395,3.6028793164084085,0.21875,0.10416666666666667,0.15625,2,2,0,0.0,0.05608053086325526
169,fixed_broad_birth,96,218,0,5.193903150265856,0.9669349862710079,3.0618621784789726,4.08248290463863,4.60347554401374,5.465249432491262,0.4791666666666667,0.3333333333333333,0.1875,0,0,0,nan,0.11901577422395349
169,measurement_driven_birth,96,575,0,4.9967186998707005,1.0044224371768133,4.018187817080398,2.7950849718747373,4.574244411549662,5.195088130162919,0.4583333333333333,0.15625,0.3229166666666667,0,0,0,nan,0.13132240995764732
169,dp_immediate,96,30,0,7.0997116460777825,0.6371071004568107,6.614378277661476,2.5,6.773684713047765,7.257234727517791,0.7916666666666666,0.125,0.875,14,7,6,6.883607342687726,0.1770892129279673
169,dp_delayed_append,96,74,16,4.97336154650797,0.8809039328728276,3.952847075210474,2.886751345948129,4.246277487270347,5.299627473603851,0.4375,0.16666666666666666,0.3125,16,0,0,0.39873421600974535,0.16537930816411972
169,dp_delayed_recluster,96,75,16,4.41491015554308,0.861064272582146,3.1457643480294792,2.9755951785595207,4.246277487270347,4.496855709584937,0.3541666666666667,0.17708333333333334,0.19791666666666666,7,3,0,0.8527980284066361,0.12675889488309622
169,oracle_birth,96,20,0,4.021287723004531,0.7387522935239973,3.0618621784789726,2.5,3.394950061655536,4.300382479060786,0.2916666666666667,0.125,0.1875,2,2,0,0.0,0.05878811702132225
170,fixed_broad_birth,96,229,0,4.931905403859128,1.186180528397006,3.0618621784789726,3.679900360969936,3.8265252862882515,5.400406325974056,0.3541666666666667,0.2708333333333333,0.1875,0,0,0,nan,0.11772580770775676
170,measurement_driven_birth,96,571,0,4.791140201565616,0.7477908114739623,3.886407938787006,2.7003086243366083,4.007501296735144,5.138336630167431,0.4270833333333333,0.14583333333333334,0.3020833333333333,0,0,0,nan,0.12617196002975106
170,dp_immediate,96,38,0,6.565427483752253,0.6296862004809355,6.081049799719343,2.3935677693908453,6.387361104147988,6.652673607597389,0.7083333333333334,0.11458333333333333,0.7395833333333334,11,6,5,5.213264198666262,0.15030673891305923
170,dp_delayed_append,96,95,18,5.050043724240912,1.2428227079562448,4.018187817080398,2.7950849718747373,4.026017069577578,5.49090208461711,0.4583333333333333,0.15625,0.3229166666666667,18,0,0,1.0475160438808826,0.16106961574405432
170,dp_delayed_recluster,96,95,17,4.735450564457096,1.261411398031465,3.608439182435161,2.7950849718747373,4.026017069577578,5.052952735813044,0.3958333333333333,0.15625,0.2604166666666667,6,3,1,1.5133910077817645,0.11507311696186662
170,oracle_birth,96,24,0,3.880769620947563,0.6906804742687906,2.886751345948129,2.5,3.57171061895192,4.026412907730315,0.2916666666666667,0.125,0.16666666666666666,2,2,0,0.0,0.05836548889055848
171,fixed_broad_birth,96,221,0,4.465222387478894,0.8169318431236378,2.9755951785595207,3.227486121839514,4.402185400915607,4.496409490076146,0.3645833333333333,0.20833333333333334,0.17708333333333334,0,0,0,nan,0.1044892598874867
171,measurement_driven_birth,96,545,0,4.4602050426640805,0.7890473301854325,3.608439182435161,2.5,4.410906835032664,4.484650931816232,0.3854166666666667,0.125,0.2604166666666667,0,0,0,nan,0.1137694800272584
171,dp_immediate,96,27,0,7.018262825318564,0.5456003591596853,6.692657668420421,2.041241452319315,6.644983221716918,7.197646741777696,0.8125,0.08333333333333333,0.8958333333333334,11,6,5,9.87027099199578,0.13816369138658047
171,dp_delayed_append,96,78,15,5.328876420864147,0.8903691606155344,4.5069390943299865,2.7003086243366083,4.403043874839071,5.736025469032009,0.4270833333333333,0.14583333333333334,0.40625,15,0,0,0.4990756897309652,0.14098454592749476
171,dp_delayed_recluster,96,78,15,4.782237439784983,0.9973940698045213,3.75,2.7950849718747373,4.403043874839071,4.960977193441118,0.3541666666666667,0.15625,0.28125,5,2,0,1.401871233226946,0.09943550638854504
171,oracle_birth,96,26,0,3.7501747522388547,0.7225953263501576,2.7003086243366083,2.5,3.8166900722035018,3.716470698776764,0.2708333333333333,0.125,0.14583333333333334,2,2,0,0.0,0.05626120511442423
172,fixed_broad_birth,96,237,0,4.60148847729225,0.9280065768373341,2.3935677693908453,3.8188130791298667,3.616929540956238,5.021897515666669,0.3645833333333333,0.2916666666666667,0.11458333333333333,0,0,0,nan,0.12173834117129445
172,measurement_driven_birth,96,585,0,4.462383264678176,0.8012684116739673,3.608439182435161,2.5,3.8141516546183643,4.753464018913553,0.3645833333333333,0.125,0.2604166666666667,0,0,0,nan,0.13638567924499512
172,dp_immediate,96,33,0,6.966602347634511,1.066637209520349,6.653633092779714,1.7677669529663689,6.3910872144129085,7.237218009289479,0.8229166666666666,0.0625,0.8854166666666666,12,7,5,6.214133543857793,0.15825400780886412
172,dp_delayed_append,96,80,16,4.042167044100562,0.845052905096882,2.6020824993326657,2.9755951785595207,3.392573316287262,4.330576724343635,0.2916666666666667,0.17708333333333334,0.13541666666666666,16,0,0,0.3399708828639578,0.1634410028345883
172,dp_delayed_recluster,96,80,16,3.975227436152459,0.8356234214480752,2.5,2.9755951785595207,3.392573316287262,4.236611015955643,0.28125,0.17708333333333334,0.125,6,2,0,1.0250037483763692,0.11857456900179386
172,oracle_birth,96,21,0,3.549697197192746,0.7881519682722166,2.3935677693908453,2.5,2.8817792979550725,3.8403384390670356,0.21875,0.125,0.11458333333333333,2,2,0,0.0,0.05989467492327094
173,fixed_broad_birth,96,242,0,4.777187592742333,0.9728932604614406,2.7950849718747373,3.75,4.43756822890094,4.938246252598328,0.3541666666666667,0.28125,0.15625,0,0,0,nan,0.12155886087566614
173,measurement_driven_birth,96,590,0,4.531001582952241,0.8592489034319735,3.679900360969936,2.5,4.405691210467021,4.5923747120722185,0.375,0.125,0.2708333333333333,0,0,0,nan,0.13283884711563587
173,dp_immediate,96,27,0,6.989285591597362,0.6423496562702314,6.692657668420421,1.9094065395649333,6.5218711782334315,7.211641130050064,0.84375,0.07291666666666667,0.8958333333333334,12,4,3,8.596200976383862,0.15238482411950827
173,dp_delayed_append,96,90,15,4.319822861291924,0.9759796204875444,3.1457643480294792,2.7950849718747373,4.073701192907148,4.4377678651394055,0.3125,0.15625,0.19791666666666666,15,0,0,0.8452100801271379,0.15474865026772022
173,dp_delayed_recluster,96,91,15,4.2598399554294595,0.9791508800349739,3.0618621784789726,2.7950849718747373,4.073701192907148,4.349923443494533,0.3020833333333333,0.15625,0.1875,6,2,0,0.9096035544915705,0.12036369880661368
173,oracle_birth,96,17,0,3.3354245851491666,0.841659370856658,2.165063509461097,2.3935677693908453,2.9570510931419682,3.5093461158882837,0.1875,0.11458333333333333,0.09375,2,2,0,0.0,0.058078356087207794
174,fixed_broad_birth,96,223,0,4.854570595330672,0.806342978131841,3.0618621784789726,3.679900360969936,4.565263769642989,4.992941703481659,0.3541666666666667,0.2708333333333333,0.1875,0,0,0,nan,0.11055957758799195
174,measurement_driven_birth,96,566,0,4.7938303423761015,0.7648372494540502,3.952847075210474,2.6020824993326657,4.56008184575696,4.906530424569643,0.4270833333333333,0.13541666666666666,0.3125,0,0,0,nan,0.12220118939876556
174,dp_immediate,96,38,0,7.17102989087296,0.618063936115667,6.574889099191458,2.7950849718747373,6.984832917512799,7.262338404460715,0.8125,0.15625,0.8645833333333334,13,9,8,6.648122048315999,0.15562039613723755
174,dp_delayed_append,96,78,17,4.580502680927277,0.817621434394899,3.307189138830738,3.0618621784789726,4.39787360603957,4.669139223414013,0.3854166666666667,0.1875,0.21875,17,0,0,0.38413164785525944,0.15742278518155217
174,dp_delayed_recluster,96,78,17,4.404725120032086,0.8072195383175967,2.9755951785595207,3.1457643480294792,4.39787360603957,4.408146883579626,0.3333333333333333,0.19791666666666666,0.17708333333333334,7,2,0,0.9565753234741736,0.11817796109244227
174,oracle_birth,96,21,0,3.8852058538264953,0.7151861249173771,2.886751345948129,2.5,3.5953881380463426,4.022291493453618,0.2708333333333333,0.125,0.16666666666666666,2,2,0,0.0,0.05708528682589531
175,fixed_broad_birth,96,212,0,4.851987168928727,0.7906407659502169,3.608439182435161,3.1457643480294792,4.003728983621509,5.224724523267045,0.375,0.19791666666666666,0.2604166666666667,0,0,0,nan,0.10183699894696474
175,measurement_driven_birth,96,537,0,5.047124219139192,0.6880863924111642,4.389855730355308,2.3935677693908453,4.710171132740245,5.207431062940954,0.4791666666666667,0.11458333333333333,0.3854166666666667,0,0,0,nan,0.11175768496468663
175,dp_immediate,96,34,0,7.101629621083441,0.658136213142645,6.846531968814577,1.7677669529663689,6.157556829483448,7.529406474511486,0.9166666666666666,0.0625,0.9375,13,5,4,4.90886202786196,0.14893690310418606
175,dp_delayed_append,96,101,14,4.397082846271472,0.764419751821489,3.4610932762158644,2.6020824993326657,4.013756191874193,4.5767222934713905,0.3333333333333333,0.13541666666666666,0.23958333333333334,14,0,0,0.9049563750264167,0.13279168726876378
175,dp_delayed_recluster,96,101,14,4.3967628766493965,0.7625770737979756,3.4610932762158644,2.6020824993326657,4.013756191874193,4.5762611711220345,0.3333333333333333,0.13541666666666666,0.23958333333333334,6,2,0,1.334418137398139,0.10607266891747713
175,oracle_birth,96,20,0,3.890238703373203,0.7420403195847821,3.0618621784789726,2.282177322938192,3.7934043863430102,3.937762986096425,0.2708333333333333,0.10416666666666667,0.1875,2,2,0,0.0,0.053212244994938374
176,fixed_broad_birth,96,245,0,5.0742185355290905,0.8646928624124225,3.4610932762158644,3.608439182435161,4.574931243213678,5.306273897886742,0.4166666666666667,0.2604166666666667,0.23958333333333334,0,0,0,nan,0.1229421366006136
176,measurement_driven_birth,96,592,0,5.058829981742973,0.7692598937820783,4.448782605013046,2.282177322938192,4.2146002068324275,5.431962235192403,0.4791666666666667,0.10416666666666667,0.3958333333333333,0,0,0,nan,0.1293020718730986
176,dp_immediate,96,33,0,7.061217404829058,0.6177576965074187,6.7700320038633,1.9094065395649333,6.6357932069204555,7.26459297654627,0.8854166666666666,0.07291666666666667,0.9166666666666666,12,6,5,6.240691322436046,0.16169806383550167
176,dp_delayed_append,96,87,18,4.586182692472009,0.8488649413951571,3.608439182435161,2.7003086243366083,4.217807327076866,4.759690978301328,0.3645833333333333,0.14583333333333334,0.2604166666666667,18,0,0,0.608884208388739,0.17240639822557569
176,dp_delayed_recluster,96,89,16,4.347817547126011,0.8211886241480558,3.38501600193165,2.6020824993326657,4.217807327076866,4.411386041877725,0.34375,0.13541666666666666,0.22916666666666666,7,2,0,1.0504134005188206,0.1226841090247035
176,oracle_birth,96,23,0,4.086849500423595,0.7459929663068271,3.307189138830738,2.282177322938192,3.1362226014002967,4.487266668686169,0.3020833333333333,0.10416666666666667,0.21875,2,2,0,0.0,0.05749563733115792
177,fixed_broad_birth,96,238,0,5.118700985648676,0.8247826666143,3.227486121839514,3.886407938787006,5.04682501502776,5.154263119454236,0.4270833333333333,0.3020833333333333,0.20833333333333334,0,0,0,nan,0.11493080202490091
177,measurement_driven_birth,96,565,0,4.848917208741425,0.7715772356427228,4.018187817080398,2.6020824993326657,4.722784425869509,4.910768858256852,0.4375,0.13541666666666666,0.3229166666666667,0,0,0,nan,0.12423616973683238
177,dp_immediate,96,36,0,7.091723435096723,0.5408708532543245,6.808389432653413,1.9094065395649333,6.518623558202031,7.361561340712773,0.8541666666666666,0.07291666666666667,0.9270833333333334,13,9,8,11.253521495888752,0.1630320562981069
177,dp_delayed_append,96,81,18,4.577102186030617,0.7983510639851713,3.38501600193165,2.9755951785595207,4.750974269595691,4.48764062474584,0.3645833333333333,0.17708333333333334,0.22916666666666666,18,0,0,0.6303834240945656,0.16277763294056058
177,dp_delayed_recluster,96,81,17,4.574231660705087,0.7817258380000108,3.38501600193165,2.9755951785595207,4.750974269595691,4.483248227960958,0.3854166666666667,0.17708333333333334,0.22916666666666666,8,2,0,1.347491519461625,0.12395748915150762
177,oracle_birth,96,22,0,3.8284982619173578,0.7712969217520768,2.886751345948129,2.3935677693908453,3.599219727723577,3.938134975853298,0.2604166666666667,0.11458333333333333,0.16666666666666666,2,2,0,0.0,0.0568801979534328
178,fixed_broad_birth,96,222,0,5.32487052865565,0.8660712905291549,3.38501600193165,4.018187817080398,5.211656118005171,5.380584491878916,0.46875,0.3229166666666667,0.22916666666666666,0,0,0,nan,0.11108450032770634
178,measurement_driven_birth,96,567,0,5.017499709146833,0.8343480476527078,4.14578098794425,2.7003086243366083,4.565937428643364,5.228676954621469,0.4479166666666667,0.14583333333333334,0.34375,0,0,0,nan,0.12167605804279447
178,dp_immediate,96,27,0,7.013701924063338,0.483405984940655,6.692657668420421,2.041241452319315,6.394553464477112,7.303619993837751,0.8125,0.08333333333333333,0.8958333333333334,12,5,4,8.55936172459287,0.15350767830386758
178,dp_delayed_append,96,76,17,4.459854580571996,0.787063877023763,3.1457643480294792,3.0618621784789726,4.738889218872281,4.313573785783842,0.34375,0.1875,0.19791666666666666,17,0,0,0.6864162405067563,0.16107886983081698
178,dp_delayed_recluster,96,77,17,4.401253449306714,0.7880557880215414,3.0618621784789726,3.0618621784789726,4.738889218872281,4.222323101466705,0.3333333333333333,0.1875,0.1875,8,2,0,1.3373835025509904,0.12718431698158383
178,oracle_birth,96,19,0,3.822141083628579,0.7390957063611245,2.886751345948129,2.3935677693908453,3.604229730424774,3.9265643659442606,0.28125,0.11458333333333333,0.16666666666666666,2,2,0,0.0,0.05612266529351473
179,fixed_broad_birth,96,215,0,5.266878721629432,1.303205586884207,2.9755951785595207,4.14578098794425,6.049123403757841,4.828464582616703,0.4791666666666667,0.34375,0.17708333333333334,0,0,0,nan,0.10901504708454013
179,measurement_driven_birth,96,551,0,4.5714011815626145,0.7649893873721837,3.679900360969936,2.6020824993326657,4.218931390468992,4.7378130087041,0.3854166666666667,0.13541666666666666,0.2708333333333333,0,0,0,nan,0.12413092097267509
179,dp_immediate,96,33,0,4.346902782836981,0.816331511562073,3.227486121839514,2.7950849718747373,4.237794198002511,4.400442690553071,0.34375,0.15625,0.20833333333333334,10,6,4,0.5740579745496116,0.141529087908566
179,dp_delayed_append,96,55,21,4.599851241327643,1.3739716550970507,2.886751345948129,3.307189138830738,5.360862429776384,4.16755613855665,0.3854166666666667,0.21875,0.16666666666666666,21,0,0,0.6141990634616102,0.1886334982700646
179,dp_delayed_recluster,96,56,21,4.5315973781905186,1.3361791788615722,2.7950849718747373,3.307189138830738,5.360862429776384,4.053842523031796,0.375,0.21875,0.15625,10,2,0,1.4532701385532456,0.1424714089371264
179,oracle_birth,96,25,0,3.883176198320961,0.7040767386252005,2.886751345948129,2.5,3.6042689177973983,4.015371572458697,0.2916666666666667,0.125,0.16666666666666666,2,2,0,0.0,0.05745992297306657
180,fixed_broad_birth,96,265,0,5.0033551847403075,0.7445780268051488,3.5355339059327378,3.4610932762158644,4.397331174547737,5.280348845263624,0.4270833333333333,0.23958333333333334,0.25,0,0,0,nan,0.12610029196366668
180,measurement_driven_birth,96,596,0,4.843505631072636,0.736803998065747,4.08248290463863,2.5,4.398205147133056,5.051456813555339,0.4583333333333333,0.125,0.3333333333333333,0,0,0,nan,0.1308687962591648
180,dp_immediate,96,31,0,7.272302549596744,0.5312416645977851,7.144345083117603,1.25,6.388297486273545,7.676223301386072,0.9895833333333334,0.03125,1.0208333333333333,11,8,7,5.024761136327596,0.14959143986925483
180,dp_delayed_append,96,117,13,4.2778407590087,0.7691477270998026,3.4610932762158644,2.3935677693908453,4.397095587669714,4.216948841947452,0.3333333333333333,0.11458333333333333,0.23958333333333334,13,0,0,0.762799115556646,0.1492154225707054
180,dp_delayed_recluster,96,116,13,4.334938434538147,0.7500163762007932,3.5355339059327378,2.3935677693908453,4.397095587669714,4.303523212822468,0.34375,0.11458333333333333,0.25,5,2,0,1.3293308615733839,0.11838714592158794
180,oracle_birth,96,26,0,4.142614952937962,0.7032723381724408,3.227486121839514,2.5,3.625309165608683,4.37840778129843,0.3333333333333333,0.125,0.20833333333333334,2,2,0,0.0,0.060294018127024174
181,fixed_broad_birth,96,225,0,4.800966882754962,0.8083623420079478,3.307189138830738,3.38501600193165,4.908220082203756,4.7464315360374405,0.3854166666666667,0.22916666666666666,0.21875,0,0,0,nan,0.10592285310849547
181,measurement_driven_birth,96,540,0,4.7882409293084915,0.7289841313579589,4.018187817080398,2.5,4.724901955734855,4.8195982768280645,0.4270833333333333,0.125,0.3229166666666667,0,0,0,nan,0.11600624397397041
181,dp_immediate,96,32,0,4.959367606113272,0.7981188628471045,4.330127018922194,2.282177322938192,5.918846259000008,4.401888238018923,0.4583333333333333,0.10416666666666667,0.375,10,7,5,1.0458932729367965,0.13158598728477955
181,dp_delayed_append,96,79,18,4.634640528707391,0.8040892344782312,3.608439182435161,2.7950849718747373,4.752255137268971,4.574699421891674,0.3333333333333333,0.15625,0.2604166666666667,18,0,0,0.7064168120931691,0.15579754300415516
181,dp_delayed_recluster,96,78,17,4.576626535567519,0.7956195359974212,3.5355339059327378,2.7950849718747373,4.752255137268971,4.486234637671269,0.3229166666666667,0.15625,0.25,7,2,0,1.1414942098440313,0.1180761568248272
181,oracle_birth,96,26,0,3.8092645577708777,0.6693253850627182,2.886751345948129,2.3935677693908453,3.58667339020147,3.9158181396285987,0.2604166666666667,0.11458333333333333,0.16666666666666666,2,2,0,0.0,0.05561628192663193
182,fixed_broad_birth,96,235,0,5.281082966639785,0.8980556592993226,3.608439182435161,3.75,4.390393112148106,5.674238284668749,0.4791666666666667,0.28125,0.2604166666666667,0,0,0,nan,0.11509365681558847
182,measurement_driven_birth,96,573,0,5.151350938330738,0.70338454857518,4.5069390943299865,2.3935677693908453,4.382808882917078,5.495463391077502,0.4583333333333333,0.11458333333333333,0.40625,0,0,0,nan,0.12153721787035465
182,dp_immediate,96,27,0,7.4820966152874595,0.5025963527816178,7.2886898685566255,1.613743060919757,6.398387477649783,7.968875296029628,1.0104166666666667,0.052083333333333336,1.0625,10,4,3,6.205362614455313,0.13741090474650264
182,dp_delayed_append,96,77,16,4.745696587849218,0.8041368688996353,3.75,2.7950849718747373,4.201296943458604,4.9956987651707205,0.375,0.15625,0.28125,16,0,0,0.9053973469849248,0.15327942417934537
182,dp_delayed_recluster,96,77,16,4.68891382846161,0.7948246498894186,3.679900360969936,2.7950849718747373,4.201296943458604,4.914613039960567,0.3645833333333333,0.15625,0.2708333333333333,7,2,0,1.3189269664462988,0.11492108693346381
182,oracle_birth,96,23,0,4.205733754775363,0.7075990503504606,3.38501600193165,2.3935677693908453,3.5903342030821657,4.481857291254875,0.3229166666666667,0.11458333333333333,0.22916666666666666,2,2,0,0.0,0.05604322487488389
183,fixed_broad_birth,96,245,0,4.995421712481324,0.6892542483461175,3.5355339059327378,3.4610932762158644,4.225138860136046,5.339050283953027,0.4479166666666667,0.23958333333333334,0.25,0,0,0,nan,0.11550932377576828
183,measurement_driven_birth,96,559,0,4.990059762566289,0.6492532382025186,4.330127018922194,2.3935677693908453,4.564741501473224,5.189663974029404,0.46875,0.11458333333333333,0.375,0,0,0,nan,0.11937175178900361
183,dp_immediate,96,43,0,5.0474301630402,0.690326915865248,4.269562819149833,2.6020824993326657,4.215313069384583,5.415754309391241,0.4791666666666667,0.13541666666666666,0.3645833333333333,12,6,4,1.5057616100445244,0.1545192040503025
183,dp_delayed_append,96,93,15,4.399003392829936,0.7753907725329762,3.4610932762158644,2.6020824993326657,4.023982577363293,4.57500036980679,0.3541666666666667,0.13541666666666666,0.23958333333333334,15,0,0,0.8096471939385983,0.14191211480647326
183,dp_delayed_recluster,96,96,14,4.445048083163457,0.6982973065262368,3.4610932762158644,2.7003086243366083,4.2136606155364875,4.556337432740361,0.3645833333333333,0.14583333333333334,0.23958333333333334,4,2,0,1.537692162613103,0.10269873915240169
183,oracle_birth,96,22,0,4.489019009559808,0.599687419846915,3.8188130791298667,2.282177322938192,3.6064255941905006,4.870706798716981,0.375,0.10416666666666667,0.2916666666666667,2,2,0,0.0,0.0545119047164917
184,fixed_broad_birth,96,211,0,4.5286270972076235,0.8466384818188215,2.7003086243366083,3.5355339059327378,4.762043707561678,4.407285439131533,0.375,0.25,0.14583333333333334,0,0,0,nan,0.10523482458665967
184,measurement_driven_birth,96,542,0,4.158523929930861,0.791615190064558,3.38501600193165,2.282177322938192,4.037182645980201,4.2178857328298465,0.3333333333333333,0.10416666666666667,0.22916666666666666,0,0,0,nan,0.11903299018740654
184,dp_immediate,96,35,0,5.120104784988519,0.8334504639923102,4.564354645876384,2.165063509461097,5.762729522967923,4.766412040146177,0.4895833333333333,0.09375,0.4166666666666667,13,7,5,1.809035335502487,0.1618919069878757
184,dp_delayed_append,96,75,15,4.110652002871965,0.8669639873616214,3.0618621784789726,2.6020824993326657,4.5700870298555305,3.8604846979163208,0.28125,0.13541666666666666,0.1875,15,0,0,0.5140639326033457,0.14531761268153787
184,dp_delayed_recluster,96,75,15,3.970967993968389,0.8151197105055573,2.886751345948129,2.6020824993326657,4.5700870298555305,3.634560837770517,0.28125,0.13541666666666666,0.16666666666666666,6,2,0,0.909322661477463,0.11276591569185257
184,oracle_birth,96,22,0,3.4734599102618233,0.7788391456923175,2.5,2.282177322938192,3.417809013679558,3.5009536408383775,0.22916666666666666,0.10416666666666667,0.125,2,2,0,0.0,0.05549722211435437
185,fixed_broad_birth,96,231,0,4.96092048392382,0.807712024475069,3.0618621784789726,3.8188130791298667,5.042825014102725,4.919456881637681,0.3958333333333333,0.2916666666666667,0.1875,0,0,0,nan,0.11993982875719666
185,measurement_driven_birth,96,587,0,4.991403234710168,0.6594994956847618,4.208127057650866,2.6020824993326657,5.616684163549079,4.647320613071705,0.4479166666666667,0.13541666666666666,0.3541666666666667,0,0,0,nan,0.12930971290916204
185,dp_immediate,96,32,0,7.016458825816781,0.521882286582786,6.692657668420421,2.041241452319315,6.632327139675265,7.2008443975506635,0.8333333333333334,0.08333333333333333,0.8958333333333334,12,6,5,5.076206564806268,0.1542056011967361
185,dp_delayed_append,96,82,19,4.628892822836617,0.770269713785383,3.0618621784789726,3.38501600193165,4.728478071902433,4.578287967104237,0.375,0.22916666666666666,0.1875,19,0,0,1.133202770263605,0.18191604409366846
185,dp_delayed_recluster,96,82,19,4.571312375350244,0.7644585227664648,2.9755951785595207,3.38501600193165,4.728478071902433,4.490667301338895,0.3854166666666667,0.22916666666666666,0.17708333333333334,9,2,0,1.5616712085222366,0.13724087877199054
185,oracle_birth,96,22,0,3.8025048914848716,0.6297169600434606,2.7950849718747373,2.5,3.7979066919678246,3.804801907353729,0.2604166666666667,0.125,0.15625,2,2,0,0.0,0.0590456947684288
186,fixed_broad_birth,96,227,0,4.581701862416826,0.8243130206868086,3.4610932762158644,2.886751345948129,4.587548026891582,4.578775981044748,0.3645833333333333,0.16666666666666666,0.23958333333333334,0,0,0,nan,0.1079871472902596
186,measurement_driven_birth,96,556,0,4.901073549700009,0.7635587335425141,4.269562819149833,2.282177322938192,4.581056641303314,5.053488194696706,0.4270833333333333,0.10416666666666667,0.3645833333333333,0,0,0,nan,0.11918151518329978
186,dp_immediate,96,23,0,6.83743682706539,0.6295837493482086,6.653633092779714,1.4433756729740645,6.160161463061048,7.152063962289055,0.84375,0.041666666666666664,0.8854166666666666,12,3,2,8.911366301091174,0.14571781689301133
186,dp_delayed_append,96,81,16,4.641659443953109,0.8436048010210384,3.886407938787006,2.3935677693908453,3.8536986074192794,4.989189023483273,0.3541666666666667,0.11458333333333333,0.3020833333333333,16,0,0,0.8580785070348342,0.1463789138942957
186,dp_delayed_recluster,96,80,15,4.096121709018042,0.7952230641496456,3.227486121839514,2.3935677693908453,3.8536986074192794,4.212104355808469,0.28125,0.11458333333333333,0.20833333333333334,5,2,0,1.2953273589444678,0.10367871727794409
186,oracle_birth,96,24,0,3.677822961136941,0.7110192684679963,3.0618621784789726,1.9094065395649333,3.152693970981513,3.9140558201011335,0.2604166666666667,0.07291666666666667,0.1875,2,2,0,0.0,0.05544094694778323
187,fixed_broad_birth,96,215,0,5.361139199141233,0.7853747593147522,3.38501600193165,4.08248290463863,6.062180709520672,4.9737011160111715,0.5208333333333334,0.3333333333333333,0.22916666666666666,0,0,0,nan,0.11166017828509212
187,measurement_driven_birth,96,565,0,5.2092506888181145,0.7574910817640065,4.208127057650866,2.9755951785595207,5.796993651034607,4.888954020376979,0.53125,0.17708333333333334,0.3541666666666667,0,0,0,nan,0.12655948428437114
187,dp_immediate,96,39,0,8.302984196115546,0.43536945338931343,8.036375634160796,2.041241452319315,8.300599657912413,8.304176208447707,1.2291666666666667,0.08333333333333333,1.2916666666666667,15,9,9,8.298206848801218,0.18640564708039165
187,dp_delayed_append,96,85,17,4.543446321241491,0.9226254967949722,3.38501600193165,2.886751345948129,5.087185803688745,4.245542016089124,0.375,0.16666666666666666,0.22916666666666666,17,0,0,0.8665037422345849,0.15523002622649074
187,dp_delayed_recluster,96,86,17,4.529345931780173,0.8504751043193088,3.38501600193165,2.886751345948129,5.087185803688745,4.222881972536559,0.375,0.16666666666666666,0.22916666666666666,7,2,0,1.972163842931645,0.11774353496730328
187,oracle_birth,96,26,0,4.016527349056113,0.712384689416981,3.1457643480294792,2.3935677693908453,4.222433577561623,3.9095095933011432,0.3125,0.11458333333333333,0.19791666666666666,2,2,0,0.0,0.057057335041463375
188,fixed_broad_birth,96,228,0,5.403573384062606,0.7434863708343764,3.75,3.8188130791298667,5.032912155110436,5.579677911393768,0.4895833333333333,0.2916666666666667,0.28125,0,0,0,nan,0.112924515735358
188,measurement_driven_birth,96,558,0,4.9414937266501315,0.6782528416374473,4.448782605013046,2.041241452319315,5.027633614604303,4.897855703717122,0.4583333333333333,0.08333333333333333,0.3958333333333333,0,0,0,nan,0.11982327280566096
188,dp_immediate,96,39,0,7.271480466523254,0.5198668179087622,7.034142923389221,1.7677669529663689,6.744901510862637,7.520956991429038,0.9270833333333334,0.0625,0.9895833333333334,13,6,4,3.6175840882469075,0.16481489595025778
188,dp_delayed_append,96,83,17,5.058369624403545,0.7662266355905826,4.269562819149833,2.6020824993326657,4.709007747806486,5.224296881034034,0.4583333333333333,0.13541666666666666,0.3645833333333333,17,0,0,1.3766434216338106,0.15527344215661287
188,dp_delayed_recluster,96,86,17,4.894646792857993,0.7211568670095542,4.018187817080398,2.7003086243366083,4.709007747806486,4.984874507527928,0.3854166666666667,0.14583333333333334,0.3229166666666667,8,3,1,1.9803002491774775,0.11856423271819949
188,oracle_birth,96,31,0,4.135965878409416,0.6629834694019934,3.5355339059327378,2.041241452319315,3.9851668490801004,4.209339997380462,0.3333333333333333,0.08333333333333333,0.25,2,2,0,0.0,0.05678004678338766
189,fixed_broad_birth,96,210,0,5.125079660820499,0.8634860719332027,3.5355339059327378,3.608439182435161,4.051048663516978,5.585173646140521,0.4270833333333333,0.2604166666666667,0.25,0,0,0,nan,0.09918415686115623
189,measurement_driven_birth,96,525,0,4.967432282183184,0.8467881345072702,3.952847075210474,2.886751345948129,4.4092636723892245,5.224200623137266,0.4166666666666667,0.16666666666666666,0.3125,0,0,0,nan,0.11095418315380812
189,dp_immediate,96,34,0,4.528921301585876,0.8482107575901375,3.4610932762158644,2.7950849718747373,3.634335828071111,4.915535960435728,0.3333333333333333,0.15625,0.23958333333333334,11,5,3,0.6127994402263213,0.14150506118312478
189,dp_delayed_append,96,72,17,4.601874409946569,0.9299183216396381,3.38501600193165,2.9755951785595207,3.853370665759682,4.933724696769471,0.34375,0.17708333333333334,0.22916666666666666,17,0,0,0.627088618624458,0.14316041814163327
189,dp_delayed_recluster,96,74,16,4.355872999297637,0.8628226465175335,3.0618621784789726,2.9755951785595207,3.853370665759682,4.586525006488754,0.3020833333333333,0.17708333333333334,0.1875,7,2,0,1.5567411088338416,0.10763783985748887
189,oracle_birth,96,24,0,4.033613013647737,0.8031400524618236,2.9755951785595207,2.6020824993326657,3.4031019705271457,4.31445238760375,0.25,0.13541666666666666,0.17708333333333334,2,2,0,0.0,0.054710695054382086
190,fixed_broad_birth,96,246,0,5.164291665175841,0.7926170174415853,2.9755951785595207,4.14578098794425,4.011806691642356,5.65310234640713,0.4166666666666667,0.34375,0.17708333333333334,0,0,0,nan,0.13008980080485344
190,measurement_driven_birth,96,625,0,4.511387159101574,0.7489642398939332,3.75,2.3935677693908453,4.195573442870048,4.661276959342969,0.375,0.11458333333333333,0.28125,0,0,0,nan,0.1403947863727808
190,dp_immediate,96,37,0,7.09140349172819,0.5366595592130633,6.73145600891813,2.165063509461097,6.633093116454179,7.3097909052151575,0.8541666666666666,0.09375,0.90625,11,7,6,4.686934300600442,0.167833779938519
190,dp_delayed_append,96,90,20,5.3105006417450795,1.0573947856130037,4.208127057650866,3.0618621784789726,4.013234394408413,5.852273100832789,0.4166666666666667,0.1875,0.3541666666666667,20,0,0,0.7608191839808313,0.18391074379906058
190,dp_delayed_recluster,96,91,16,4.580414870298342,0.8171293557633184,3.5355339059327378,2.7950849718747373,4.013234394408413,4.839139946709945,0.3645833333333333,0.15625,0.25,6,2,0,1.4187155661366315,0.12657322501763701
190,oracle_birth,96,27,0,3.7475650890777414,0.708926956891607,2.7003086243366083,2.5,3.594200313731318,3.8219403707669533,0.2708333333333333,0.125,0.14583333333333334,2,2,0,0.0,0.06355170207098126
191,fixed_broad_birth,96,218,0,5.315540778981969,0.8067261656557154,3.0618621784789726,4.269562819149833,4.73613227661272,5.582740025179747,0.4895833333333333,0.3645833333333333,0.1875,0,0,0,nan,0.11203347146511078
191,measurement_driven_birth,96,547,0,4.843357469153443,0.7358294009740208,4.018187817080398,2.6020824993326657,4.205500585102713,5.13264549480646,0.3958333333333333,0.13541666666666666,0.3229166666666667,0,0,0,nan,0.1231303121894598
191,dp_immediate,96,30,0,7.094503041744804,0.5761713367794911,6.73145600891813,2.165063509461097,6.413241318193855,7.41168860728073,0.8125,0.09375,0.90625,12,6,5,3.3947712225897377,0.15309384418651462
191,dp_delayed_append,96,82,16,4.644835042980722,0.8609060594329628,3.75,2.6020824993326657,4.026730250465738,4.924881786372608,0.375,0.13541666666666666,0.28125,16,0,0,0.582943868695585,0.15249398816376925
191,dp_delayed_recluster,96,81,16,4.23091297205106,0.8444670372903451,2.9755951785595207,2.886751345948129,4.026730250465738,4.329394716423645,0.28125,0.16666666666666666,0.17708333333333334,6,2,0,1.0824277285048618,0.11356186680495739
191,oracle_birth,96,20,0,3.744957750715577,0.6950121495182695,2.7003086243366083,2.5,3.1335476424403343,4.01590617647441,0.25,0.125,0.14583333333333334,2,2,0,0.0,0.05599178792908788
192,fixed_broad_birth,96,225,0,5.116110028548263,0.8085471482101539,2.9755951785595207,4.08248290463863,4.228325286062288,5.506587452673506,0.4270833333333333,0.3333333333333333,0.17708333333333334,0,0,0,nan,0.11847330583259463
192,measurement_driven_birth,96,573,0,4.627600485564911,0.762465029143806,3.8188130791298667,2.5,4.222898305589553,4.817218526424282,0.4166666666666667,0.125,0.2916666666666667,0,0,0,nan,0.12994508212432265
192,dp_immediate,96,23,0,7.130583649187174,0.5695523195652432,6.846531968814577,1.9094065395649333,6.402144313572945,7.468206535787292,0.90625,0.07291666666666667,0.9375,9,4,3,2.381093910680484,0.13158366410061717
192,dp_delayed_append,96,93,15,4.758022857531065,0.8739459438592755,3.8188130791298667,2.7003086243366083,4.026111254046375,5.084622538026071,0.3958333333333333,0.14583333333333334,0.2916666666666667,15,0,0,0.6595064349019922,0.1532587120309472
192,dp_delayed_recluster,96,94,15,4.915950579210823,0.8538560166932269,4.018187817080398,2.7003086243366083,4.026111254046375,5.305192666707345,0.4479166666666667,0.14583333333333334,0.3229166666666667,5,2,0,1.384389721658811,0.11483236262574792
192,oracle_birth,96,20,0,3.751237380761221,0.7280901181540892,2.886751345948129,2.282177322938192,3.404113878386227,3.9132693724965564,0.2708333333333333,0.10416666666666667,0.16666666666666666,2,2,0,0.0,0.05727536417543888
193,fixed_broad_birth,96,242,0,5.352153157373905,0.7214869506702549,3.4610932762158644,4.018187817080398,5.7810393731791585,5.12426648534767,0.4791666666666667,0.3229166666666667,0.23958333333333334,0,0,0,nan,0.12491908995434642
193,measurement_driven_birth,96,610,0,4.669201582647173,0.6687875243514919,3.886407938787006,2.5,4.011171369388011,4.965623551155811,0.3854166666666667,0.125,0.3020833333333333,0,0,0,nan,0.135969839990139
193,dp_immediate,96,44,0,4.7110600003168255,0.9164713088354137,3.75,2.7003086243366083,5.048621974410662,4.532861962339758,0.40625,0.14583333333333334,0.28125,12,8,6,1.7003017346561953,0.1731935660354793
193,dp_delayed_append,96,74,19,5.851969077838218,0.9550962017730711,5.0518148554092255,2.7950849718747373,4.730333983822051,6.3387919458451325,0.6041666666666666,0.15625,0.5104166666666666,19,0,0,0.22604312256589498,0.18594536278396845
193,dp_delayed_recluster,96,77,18,4.924603707272415,0.9023423262161736,3.75,3.0618621784789726,4.730333983822051,5.01891947646811,0.4270833333333333,0.1875,0.28125,8,3,1,1.2260534475832525,0.1380914719775319
193,oracle_birth,96,23,0,4.4349475559551985,0.6308141491276598,3.679900360969936,2.3935677693908453,3.591433763335909,4.801452019743081,0.3645833333333333,0.11458333333333333,0.2708333333333333,2,2,0,0.0,0.05928230099380016
194,fixed_broad_birth,96,245,0,4.996008722999569,0.6934958497504662,3.4610932762158644,3.5355339059327378,4.38271797249797,5.275987711054994,0.4479166666666667,0.25,0.23958333333333334,0,0,0,nan,0.14069298608228564
194,measurement_driven_birth,96,579,0,5.141488732290499,0.627088285334284,4.269562819149833,2.7950849718747373,5.031242465748003,5.195734712418661,0.4583333333333333,0.15625,0.3645833333333333,0,0,0,nan,0.16359027801081538
194,dp_immediate,96,35,0,5.201788204478963,0.7043440382770885,4.564354645876384,2.3935677693908453,4.8872150023663306,5.352145882420195,0.4895833333333333,0.11458333333333333,0.4166666666666667,12,7,5,1.3120519378244055,0.2094072070904076
194,dp_delayed_append,96,108,15,4.729477527212549,0.7021094504480994,3.886407938787006,2.6020824993326657,4.551392446098744,4.816051278943202,0.3958333333333333,0.13541666666666666,0.3020833333333333,15,0,0,1.1119809597920787,0.19801487075164914
194,dp_delayed_recluster,96,108,16,4.50361613680199,0.7006365969578057,3.608439182435161,2.6020824993326657,4.551392446098744,4.47953690265998,0.375,0.13541666666666666,0.2604166666666667,6,3,1,1.9553746907731686,0.1549919480457902
194,oracle_birth,96,21,0,4.003619944232446,0.635588434331377,3.227486121839514,2.282177322938192,3.580230207028376,4.199337426204816,0.3125,0.10416666666666667,0.20833333333333334,2,2,0,0.0,0.07204013783484697
195,fixed_broad_birth,96,229,0,5.117812096926027,0.8192480247819006,3.75,3.38501600193165,5.347215100962177,4.999164562322848,0.4270833333333333,0.22916666666666666,0.28125,0,0,0,nan,0.1464258348569274
195,measurement_driven_birth,96,587,0,5.309380501834688,0.7650847316446012,4.5069390943299865,2.7003086243366083,5.338755796559022,5.294631738114301,0.4895833333333333,0.14583333333333334,0.40625,0,0,0,nan,0.16710283793509007
195,dp_immediate,96,23,0,9.242113755341181,0.0,9.185586535436919,1.0206207261596576,9.013878188659973,9.354143466934854,1.6666666666666667,0.020833333333333332,1.6875,12,4,4,7.590207851523695,0.207900854293257
195,dp_delayed_append,96,84,17,4.589702851070966,0.867682119862425,3.5355339059327378,2.7950849718747373,4.88929472890273,4.432319586701236,0.3229166666666667,0.15625,0.25,17,0,0,0.4962910600818866,0.21443436993286014
195,dp_delayed_recluster,96,87,17,4.471733007477178,0.8517997163814733,3.38501600193165,2.7950849718747373,4.88929472890273,4.247586686837989,0.3229166666666667,0.15625,0.22916666666666666,6,2,0,1.8104841806602245,0.15955302817746997
195,oracle_birth,96,26,0,4.50997285080944,0.7403974934935716,3.886407938787006,2.165063509461097,4.194210881735569,4.6598369297994555,0.375,0.09375,0.3020833333333333,2,2,0,0.0,0.07291875313967466
196,fixed_broad_birth,96,232,0,5.005523020744942,1.0473430087007016,3.0618621784789726,3.8188130791298667,5.21198160532453,4.89903204109656,0.4375,0.2916666666666667,0.1875,0,0,0,nan,0.15168261528015137
196,measurement_driven_birth,96,596,0,4.736256610495959,0.7464091910384484,4.14578098794425,2.165063509461097,5.040816973866402,4.576381992217235,0.4166666666666667,0.09375,0.34375,0,0,0,nan,0.17550669517368078
196,dp_immediate,96,35,0,7.277966832301768,0.6038497705704339,6.959705453537527,2.041241452319315,7.090590803103995,7.369868577498209,0.9270833333333334,0.08333333333333333,0.96875,14,6,5,4.512495717887848,0.2233347580768168
196,dp_delayed_append,96,93,15,4.114977306377432,0.8872456811210394,2.7950849718747373,2.886751345948129,5.062254531814128,3.547724182566278,0.3020833333333333,0.16666666666666666,0.15625,15,0,0,0.9228947634986966,0.2046894901432097
196,dp_delayed_recluster,96,94,15,4.167529794860123,0.8376383016434874,2.886751345948129,2.886751345948129,5.062254531814128,3.6385775261953595,0.3125,0.16666666666666666,0.16666666666666666,6,3,0,1.2900887096369213,0.16948214685544372
196,oracle_birth,96,23,0,3.542409970115807,0.7546533838188285,2.7950849718747373,2.041241452319315,3.806034601567694,3.402947678175281,0.23958333333333334,0.08333333333333333,0.15625,2,2,0,0.0,0.10140872187912464
197,fixed_broad_birth,96,245,0,5.3753611616572226,0.8772158333345809,3.679900360969936,3.8188130791298667,5.5254400306269265,5.298727928602494,0.5,0.2916666666666667,0.2708333333333333,0,0,0,nan,0.16270990995690227
197,measurement_driven_birth,96,581,0,5.06699583400567,0.8212470893895577,4.448782605013046,2.282177322938192,5.374265675345616,4.906149651014244,0.5,0.10416666666666667,0.3958333333333333,0,0,0,nan,0.15062215505167842
197,dp_immediate,96,38,0,7.127519729820603,0.5298152184003558,6.846531968814577,1.9094065395649333,6.748262844707349,7.309772947078731,0.9270833333333334,0.07291666666666667,0.9375,12,8,6,6.6293357962863615,0.19378872402012348
197,dp_delayed_append,96,88,16,4.415434229486583,0.8637473212240799,3.608439182435161,2.3935677693908453,5.377360755891465,3.84526784540191,0.375,0.11458333333333333,0.2604166666666667,16,0,0,0.532543783370632,0.18606693716719747
197,dp_delayed_recluster,96,90,16,4.478745921806189,0.8878804529677572,3.679900360969936,2.3935677693908453,5.377360755891465,3.9535734720177556,0.3854166666666667,0.11458333333333333,0.2708333333333333,5,2,0,1.463507566767067,0.12860650289803743
197,oracle_birth,96,23,0,3.8264989389299187,0.7613107970019815,3.227486121839514,1.9094065395649333,4.230358247791488,3.6076551584261707,0.28125,0.07291666666666667,0.20833333333333334,2,2,0,0.0,0.06896598031744361
198,fixed_broad_birth,96,246,0,4.875107936414058,0.9219602621700482,3.227486121839514,3.5355339059327378,4.894620946919225,4.86532208394478,0.4166666666666667,0.25,0.20833333333333334,0,0,0,nan,0.14320160076022148
198,measurement_driven_birth,96,590,0,4.789248931060867,0.7355759582356686,4.208127057650866,2.165063509461097,4.5654348878615245,4.89732173007348,0.4270833333333333,0.09375,0.3541666666666667,0,0,0,nan,0.1508254110813141
198,dp_immediate,96,33,0,6.982421571546654,1.1654946029333293,6.653633092779714,1.7677669529663689,6.509964058458671,7.207045197790023,0.8229166666666666,0.0625,0.8854166666666666,12,7,5,6.050409088084001,0.1880288659594953
198,dp_delayed_append,96,89,17,4.354057645936797,0.8536107529043953,3.4610932762158644,2.5,4.737526272738171,4.149054034809477,0.34375,0.125,0.23958333333333334,17,0,0,1.356445236384011,0.17594887223094702
198,dp_delayed_recluster,96,89,15,4.340973551560351,0.7841458465616116,3.4610932762158644,2.5,4.737526272738171,4.128437897144333,0.34375,0.125,0.23958333333333334,5,2,0,1.973528469993922,0.11227842094376683
198,oracle_birth,96,23,0,3.8068290524759028,0.6553223899536617,3.1457643480294792,2.041241452319315,3.601029953579782,3.9056641930499434,0.2604166666666667,0.08333333333333333,0.19791666666666666,2,2,0,0.0,0.05756860598921776
199,fixed_broad_birth,96,251,0,4.68985916275079,0.8003825958695469,3.227486121839514,3.307189138830738,4.576185414330064,4.745675081217919,0.40625,0.21875,0.20833333333333334,0,0,0,nan,0.11659103585407138
199,measurement_driven_birth,96,578,0,4.56502000272391,0.7258840301793403,3.952847075210474,2.165063509461097,5.04995697815069,4.302101660504745,0.40625,0.09375,0.3125,0,0,0,nan,0.12407069001346827
199,dp_immediate,96,29,0,6.909642832019322,0.589347718026173,6.692657668420421,1.613743060919757,6.645843681893223,7.037835390021136,0.8645833333333334,0.052083333333333336,0.8958333333333334,13,6,5,8.261061154012237,0.1651681587100029
199,dp_delayed_append,96,104,16,4.375558576466465,0.9572597293433833,3.608439182435161,2.282177322938192,4.743769411448877,4.17930558461987,0.3645833333333333,0.10416666666666667,0.2604166666666667,16,0,0,0.25429879761724,0.14978345995768905
199,dp_delayed_recluster,96,103,14,4.182899258541056,0.9110321292010786,3.38501600193165,2.282177322938192,4.743769411448877,3.872117663005085,0.3333333333333333,0.10416666666666667,0.22916666666666666,3,2,0,1.0798912436338033,0.09813091810792685
199,oracle_birth,96,21,0,3.74567472292069,0.6988651252282668,2.9755951785595207,2.165063509461097,4.198568088415206,3.497303489598983,0.2708333333333333,0.09375,0.17708333333333334,2,2,0,0.0,0.055409389082342386
